,Date,Stock_Code,Stock_Name,Shareholding,Shareholding_Percent
5, 2021/01/26,90009,上海機場,"261,040,124",23.87
1839, 2021/01/26,77012,華測檢測,"360,873,758",21.62
1986, 2021/01/26,77285,國瓷材料,"198,356,401",19.76
1646, 2021/01/26,72572,索菲亞,"169,024,764",18.52
1083, 2021/01/26,70651,格力電器,"1,086,779,811",18.06
703, 2021/01/26,91901,方正證券,"1,471,780,928",17.87
1638, 2021/01/26,72557,洽洽食品,"87,854,210",17.32
824, 2021/01/26,93489,八方股份,"11,867,195",16.62
894, 2021/01/26,93786,科博達,"6,660,572",16.6
116, 2021/01/26,90201,生物股份,"185,657,600",16.57
2072, 2021/01/26,77450,先導智能,"148,106,940",16.32
1264, 2021/01/26,72008,大族激光,"167,473,557",15.69
1561, 2021/01/26,72439,啟明星辰,"144,869,440",15.51
997, 2021/01/26,70333,美的集團,"1,064,703,644",15.12
998, 2021/01/26,70338,濰柴動力,"885,518,340",14.78
1442, 2021/01/26,72271,東方雨虹,"346,605,305",14.76
502, 2021/01/26,90885,宏發股份,"109,325,152",14.67
2026, 2021/01/26,77347,泰格醫藥,"109,442,658",14.6
888, 2021/01/26,93737,三棵樹,"36,064,000",13.83
1607, 2021/01/26,72508,老闆電器,"127,945,214",13.48
1745, 2021/01/26,72747,埃斯頓,"109,752,964",13.06
223, 2021/01/26,90406,國電南瑞,"578,054,156",12.61
148, 2021/01/26,90276,恆瑞醫藥,"665,514,868",12.54
493, 2021/01/26,90872,中炬高新,"99,600,594",12.5
587, 2021/01/26,91138,工業富聯,"361,418,870",12.46
504, 2021/01/26,90887,伊利股份,"737,844,138",12.44
887, 2021/01/26,93733,仙鶴股份,"18,901,155",12.11
1500, 2021/01/26,72353,傑瑞股份,"113,795,164",11.88
1967, 2021/01/26,77244,迪安診斷,"71,660,539",11.54
913, 2021/01/26,93882,金域醫學,"51,501,499",11.2
575, 2021/01/26,91100,恆立液壓,"145,712,491",11.16
1536, 2021/01/26,72410,廣聯達,"129,284,430",10.89
161, 2021/01/26,90298,安琪酵母,"88,865,329",10.78
1278, 2021/01/26,72027,分眾傳媒,"1,581,619,539",10.77
784, 2021/01/26,93259,藥明康得,"151,708,240",10.73
166, 2021/01/26,90309,萬華化學,"151,922,071",10.67
1767, 2021/01/26,72812,恩捷股份,"93,722,284",10.56
927, 2021/01/26,93939,益豐藥房,"54,081,913",10.49
882, 2021/01/26,93713,密爾克衛,"7,056,420",10.28
699, 2021/01/26,91888,中國國旅,"196,850,011",10.08
943, 2021/01/26,70001,平安銀行,"1,937,252,083",9.98
475, 2021/01/26,90835,上海機電,"78,174,958",9.69
781, 2021/01/26,93236,移遠通信,"6,829,608",9.61
801, 2021/01/26,93338,浙江鼎力,"46,424,849",9.56
322, 2021/01/26,90585,海螺水泥,"379,034,565",9.47
1720, 2021/01/26,72690,美亞光電,"63,893,257",9.45
394, 2021/01/26,90699,均勝電子,"116,770,765",9.43
1902, 2021/01/26,77124,匯川技術,"161,794,305",9.4
2002, 2021/01/26,77308,中際旭創,"65,506,805",9.18
23, 2021/01/26,90031,三一重工,"768,180,994",9.06
645, 2021/01/26,91598,中國外運,"122,058,241",9.03
573, 2021/01/26,91098,中南傳媒,"161,293,017",8.98
1007, 2021/01/26,70423,東阿阿膠,"56,997,110",8.71
1298, 2021/01/26,72050,三花智控,"312,144,307",8.69
851, 2021/01/26,93605,珀萊雅,"17,342,985",8.64
559, 2021/01/26,91012,隆基股份,"324,040,283",8.59
1251, 2021/01/26,70999,華潤三九,"82,622,827",8.44
2094, 2021/01/26,77496,中科創達,"35,584,428",8.4
138, 2021/01/26,90258,首旅酒店,"81,429,283",8.31
1053, 2021/01/26,70581,威孚高科,"69,297,174",8.28
651, 2021/01/26,91615,明陽智能,"81,422,063",8.28
443, 2021/01/26,90782,新鋼股份,"261,515,798",8.2
282, 2021/01/26,90519,貴州茅台,"102,423,910",8.15
1781, 2021/01/26,72851,麥格米特,"40,781,995",8.12
1, 2021/01/26,90004,白雲機場,"167,790,582",8.1
1347, 2021/01/26,72127,南極電商,"198,875,668",8.1
1577, 2021/01/26,72463,滬電股份,"139,759,668",8.1
1354, 2021/01/26,72138,順絡電子,"64,604,047",8.01
390, 2021/01/26,90690,海爾智家,"504,641,377",7.99
914, 2021/01/26,93883,老百姓,"32,468,623",7.96
454, 2021/01/26,90803,新奧股份,"97,586,053",7.93
370, 2021/01/26,90660,福耀玻璃,"157,986,452",7.88
1873, 2021/01/26,77073,當升科技,"35,615,689",7.85
1915, 2021/01/26,77146,湯臣倍健,"123,366,325",7.8
21, 2021/01/26,90029,南方航空,"631,528,316",7.78
1210, 2021/01/26,70921,海信家電,"70,084,280",7.76
313, 2021/01/26,90570,恆生電子,"80,708,652",7.73
619, 2021/01/26,91318,中國平安,"835,120,055",7.7
694, 2021/01/26,91877,正泰電器,"164,692,323",7.66
1981, 2021/01/26,77271,華宇軟件,"62,518,743",7.65
690, 2021/01/26,91865,福來特,"33,013,617",7.58
823, 2021/01/26,93486,科沃斯,"13,601,187",7.57
2171, 2021/01/26,77724,捷佳偉創,"24,308,059",7.56
993, 2021/01/26,70157,中聯重科,"491,831,973",7.5
42, 2021/01/26,90066,宇通客車,"163,472,585",7.38
999, 2021/01/26,70400,許繼電氣,"73,201,041",7.25
1392, 2021/01/26,72202,金風科技,"250,310,998",7.25
1830, 2021/01/26,77001,特銳德,"72,311,248",7.24
903, 2021/01/26,93833,歐派家居,"43,304,740",7.19
2162, 2021/01/26,77685,艾德生物,"15,863,274",7.15
1608, 2021/01/26,72511,中順潔柔,"93,899,674",7.15
273, 2021/01/26,90507,方大特鋼,"153,116,414",7.1
1841, 2021/01/26,77015,愛爾眼科,"292,481,766",7.09
1030, 2021/01/26,70538,雲南白藥,"90,509,821",7.08
104, 2021/01/26,90176,中國巨石,"246,398,705",7.03
452, 2021/01/26,90801,華新水泥,"94,733,931",6.95
1586, 2021/01/26,72475,立訊精密,"484,539,577",6.89
82, 2021/01/26,90132,重慶啤酒,"33,172,871",6.85
1983, 2021/01/26,77274,陽光電源,"99,468,367",6.82
841, 2021/01/26,93587,地素時尚,"7,749,755",6.79
2046, 2021/01/26,77383,光環新網,"102,952,345",6.67
922, 2021/01/26,93915,國茂股份,"8,339,855",6.67
13, 2021/01/26,90019,寶鋼股份,"1,480,127,465",6.66
1918, 2021/01/26,77149,量子生物,"33,051,324",6.61
1420, 2021/01/26,72242,九陽股份,"50,565,117",6.59
1143, 2021/01/26,70786,北新建材,"111,211,239",6.58
1119, 2021/01/26,70725,京東方Ａ,"2,216,214,498",6.54
1972, 2021/01/26,77253,衛寧健康,"138,915,697",6.49
416, 2021/01/26,90741,華域汽車,"203,534,976",6.45
677, 2021/01/26,91799,星宇股份,"17,630,401",6.38
1771, 2021/01/26,72831,裕同科技,"59,481,509",6.34
944, 2021/01/26,70002,萬 科Ａ,"611,650,672",6.28
440, 2021/01/26,90779,水井坊,"30,578,369",6.26
789, 2021/01/26,93288,海天味業,"200,329,165",6.18
1419, 2021/01/26,72241,歌爾股份,"203,226,989",6.14
422, 2021/01/26,90754,錦江股份,"48,730,213",6.07
1346, 2021/01/26,72126,銀輪股份,"47,909,743",6.04
1316, 2021/01/26,72080,中材科技,"100,808,142",6.0
825, 2021/01/26,93501,韋爾股份,"46,900,775",5.97
2187, 2021/01/26,77760,邁瑞醫療,"70,799,847",5.82
686, 2021/01/26,91838,成都銀行,"110,431,606",5.82
1178, 2021/01/26,70860,順鑫農業,"42,701,955",5.75
1995, 2021/01/26,77298,三諾生物,"32,441,820",5.73
25, 2021/01/26,90036,招商銀行,"1,182,953,043",5.73
1411, 2021/01/26,72230,科大訊飛,"127,129,686",5.71
237, 2021/01/26,90438,通威股份,"241,835,740",5.64
770, 2021/01/26,93185,上機數控,"4,403,752",5.63
1217, 2021/01/26,70932,華菱鋼鐵,"344,954,594",5.62
490, 2021/01/26,90867,通化東寶,"113,779,119",5.61
2183, 2021/01/26,77750,寧德時代,"130,352,967",5.59
796, 2021/01/26,93317,天味食品,"6,968,345",5.56
1112, 2021/01/26,70710,貝瑞基因,"19,676,622",5.54
1837, 2021/01/26,77010,豆神教育,"47,867,471",5.51
711, 2021/01/26,91939,建設銀行,"526,524,851",5.48
909, 2021/01/26,93871,嘉友國際,"2,995,825",5.45
934, 2021/01/26,93986,兆易創新,"23,815,103",5.42
1513, 2021/01/26,72372,偉星新材,"86,413,053",5.42
1177, 2021/01/26,70858,五 糧 液,"210,241,545",5.41
511, 2021/01/26,90900,長江電力,"1,228,618,758",5.4
828, 2021/01/26,93515,歐普照明,"40,562,739",5.38
290, 2021/01/26,90529,山東藥玻,"31,815,365",5.34
1283, 2021/01/26,72032,蘇 泊 爾,"43,566,681",5.3
1008, 2021/01/26,70425,徐工機械,"415,935,404",5.3
1950, 2021/01/26,77207,欣旺達,"83,225,991",5.28
1512, 2021/01/26,72371,北方華創,"26,175,518",5.27
2181, 2021/01/26,77747,銳科激光,"15,145,331",5.25
164, 2021/01/26,90305,恆順醋業,"52,337,450",5.21
2137, 2021/01/26,77624,萬興科技,"6,758,152",5.2
907, 2021/01/26,93866,桃李麵包,"34,639,727",5.09
865, 2021/01/26,93658,安圖生物,"21,793,835",5.06
2080, 2021/01/26,77463,邁克生物,"28,179,231",5.05
1263, 2021/01/26,72007,華蘭生物,"91,965,994",5.04
1286, 2021/01/26,72035,華帝股份,"43,802,439",5.03
1140, 2021/01/26,70778,新興鑄管,"200,127,704",5.01
1866, 2021/01/26,77059,東方財富,"428,632,002",4.97
852, 2021/01/26,93606,東方電纜,"32,509,128",4.97
1562, 2021/01/26,72440,閏土股份,"56,837,095",4.94
1896, 2021/01/26,77115,長盈精密,"49,199,540",4.91
204, 2021/01/26,90380,健康元,"95,135,909",4.87
108, 2021/01/26,90183,生益科技,"111,683,653",4.87
1770, 2021/01/26,72821,凱萊英,"11,784,133",4.85
1532, 2021/01/26,72405,四維圖新,"95,051,456",4.84
1728, 2021/01/26,72706,良信股份,"38,024,710",4.84
985, 2021/01/26,70089,深圳機場,"97,692,127",4.76
989, 2021/01/26,70100,TCL科技,"653,572,101",4.65
1074, 2021/01/26,70625,長安汽車,"204,724,957",4.58
1695, 2021/01/26,72648,衛星石化,"55,927,739",4.56
586, 2021/01/26,91128,常熟銀行,"118,737,732",4.55
199, 2021/01/26,90373,中文傳媒,"61,574,727",4.54
849, 2021/01/26,93601,再升科技,"32,502,471",4.52
1574, 2021/01/26,72460,贛鋒鋰業,"49,950,224",4.52
901, 2021/01/26,93816,顧家家居,"28,186,560",4.52
1606, 2021/01/26,72507,涪陵榨菜,"35,664,877",4.51
843, 2021/01/26,93589,口子窖,"26,515,852",4.41
1440, 2021/01/26,72268,衛 士 通,"36,994,185",4.41
1114, 2021/01/26,70717,韶鋼松山,"106,417,546",4.39
29, 2021/01/26,90048,保利地產,"522,543,811",4.36
896, 2021/01/26,93799,華友鈷業,"48,234,470",4.35
1025, 2021/01/26,70528,柳 工,"64,334,022",4.35
2186, 2021/01/26,77759,康龍化成,"28,710,877",4.34
1085, 2021/01/26,70656,金科股份,"231,781,851",4.34
109, 2021/01/26,90185,格力地產,"89,286,388",4.33
1619, 2021/01/26,72531,天順風能,"76,697,832",4.31
1017, 2021/01/26,70513,麗珠集團,"26,956,190",4.31
1783, 2021/01/26,72867,周大生,"30,972,374",4.23
1673, 2021/01/26,72614,奧佳華,"26,120,933",4.22
2157, 2021/01/26,77676,華大基因,"16,863,632",4.21
447, 2021/01/26,90787,中儲股份,"92,584,145",4.2
1398, 2021/01/26,72212,天融信,"49,316,877",4.2
319, 2021/01/26,90582,天地科技,"172,804,951",4.17
1737, 2021/01/26,72727,一心堂,"24,775,757",4.16
367, 2021/01/26,90655,豫園股份,"66,791,221",4.16
539, 2021/01/26,90985,淮北礦業,"27,115,988",4.16
1553, 2021/01/26,72430,杭氧股份,"39,956,433",4.14
63, 2021/01/26,90104,上汽集團,"479,062,502",4.1
2155, 2021/01/26,77673,佩蒂股份,"6,958,737",4.09
1450, 2021/01/26,72281,光迅科技,"28,179,243",4.03
1913, 2021/01/26,77144,宋城演藝,"105,317,234",4.02
662, 2021/01/26,91688,華泰證券,"295,568,135",4.01
950, 2021/01/26,70012,南 玻Ａ,"78,623,210",4.0
2149, 2021/01/26,77661,聖邦股份,"6,247,003",3.99
1853, 2021/01/26,77037,新宙邦,"16,292,354",3.96
1644, 2021/01/26,72568,百潤股份,"21,167,567",3.95
1658, 2021/01/26,72594,比亞迪,"71,521,030",3.94
1169, 2021/01/26,70830,魯西化工,"74,873,102",3.93
1589, 2021/01/26,72481,雙塔食品,"48,845,608",3.92
1625, 2021/01/26,72541,鴻路鋼構,"20,396,169",3.89
1545, 2021/01/26,72422,科倫藥業,"56,082,400",3.89
1564, 2021/01/26,72444,巨星科技,"42,487,868",3.86
1414, 2021/01/26,72236,大華股份,"115,552,680",3.85
1382, 2021/01/26,72182,雲海金屬,"24,823,667",3.84
820, 2021/01/26,93444,吉比特,"2,755,605",3.83
479, 2021/01/26,90845,寶信軟件,"31,947,663",3.81
545, 2021/01/26,90993,馬應龍,"16,416,731",3.81
1356, 2021/01/26,72142,寧波銀行,"228,794,181",3.8
2132, 2021/01/26,77607,拓斯達,"10,125,608",3.8
1663, 2021/01/26,72601,龍蟒佰利,"76,874,539",3.78
1123, 2021/01/26,70729,燕京啤酒,"106,262,273",3.77
556, 2021/01/26,91006,大秦鐵路,"556,507,165",3.74
956, 2021/01/26,70028,國藥一致,"13,862,902",3.71
710, 2021/01/26,91933,永輝超市,"351,861,661",3.71
1907, 2021/01/26,77133,華策影視,"65,110,614",3.7
1909, 2021/01/26,77136,信維通信,"35,808,529",3.7
1405, 2021/01/26,72223,魚躍醫療,"37,142,565",3.7
1365, 2021/01/26,72156,通富微電,"49,174,737",3.7
2074, 2021/01/26,77454,深信服,"15,199,174",3.67
866, 2021/01/26,93659,璞泰來,"16,287,551",3.66
1203, 2021/01/26,70910,大亞聖象,"20,014,788",3.65
325, 2021/01/26,90588,用友網絡,"118,709,533",3.65
803, 2021/01/26,93345,"FUJIAN ANJOY FOODS CO.,LTD (A #603345)","8,354,800",3.59
1165, 2021/01/26,70825,太鋼不鏽,"204,910,898",3.59
1722, 2021/01/26,72697,紅旗連鎖,"48,916,486",3.59
1797, 2021/01/26,72920,德賽西威,"19,785,120",3.59
1218, 2021/01/26,70933,神火股份,"80,069,381",3.58
2056, 2021/01/26,77408,三環集團,"65,118,543",3.58
846, 2021/01/26,93596,伯特利,"6,134,006",3.57
2015, 2021/01/26,77327,中穎電子,"9,988,417",3.57
93, 2021/01/26,90160,巨化股份,"96,156,823",3.56
2201, 2021/01/26,77782,卓勝微,"6,390,195",3.55
1680, 2021/01/26,72624,完美世界,"69,025,827",3.55
1725, 2021/01/26,72701,奧瑞金,"85,970,654",3.55
1850, 2021/01/26,77033,同花順,"19,045,272",3.54
921, 2021/01/26,93899,晨光文具,"32,526,955",3.53
607, 2021/01/26,91225,陝西煤業,"353,505,900",3.53
2127, 2021/01/26,77596,利安隆,"7,226,010",3.52
87, 2021/01/26,90143,金發科技,"90,138,849",3.5
1380, 2021/01/26,72179,中航光電,"38,443,257",3.49
668, 2021/01/26,91717,鄭煤機,"51,839,547",3.48
300, 2021/01/26,90549,廈門鎢業,"48,888,437",3.47
1324, 2021/01/26,72092,中泰化學,"74,378,554",3.46
1840, 2021/01/26,77014,億緯鋰能,"64,937,472",3.43
22, 2021/01/26,90030,中信證券,"332,667,053",3.38
187, 2021/01/26,90346,恆力石化,"156,599,508",3.38
1715, 2021/01/26,72677,浙江美大,"21,891,536",3.38
1900, 2021/01/26,77122,智飛生物,"53,955,795",3.37
379, 2021/01/26,90674,川投能源,"148,491,909",3.37
1499, 2021/01/26,72352,順豐控股,"153,621,633",3.37
1509, 2021/01/26,72367,康力電梯,"26,764,574",3.35
89, 2021/01/26,90153,建發股份,"95,099,408",3.35
107, 2021/01/26,90180,瑞茂通,"34,145,380",3.35
152, 2021/01/26,90282,南鋼股份,"148,844,238",3.34
1105, 2021/01/26,70690,寶新能源,"72,425,471",3.32
593, 2021/01/26,91166,興業銀行,"650,939,344",3.31
569, 2021/01/26,91068,中鋁國際,"9,744,119",3.29
2014, 2021/01/26,77326,凱利泰,"23,751,995",3.28
612, 2021/01/26,91233,桐昆股份,"74,828,965",3.27
528, 2021/01/26,90970,中材國際,"56,678,979",3.26
396, 2021/01/26,90703,三安光電,"132,813,979",3.25
308, 2021/01/26,90563,法拉電子,"7,320,976",3.25
1355, 2021/01/26,72139,拓邦股份,"36,791,385",3.24
2128, 2021/01/26,77601,康泰生物,"22,246,993",3.24
2164, 2021/01/26,77699,光威複材,"16,842,777",3.24
232, 2021/01/26,90426,華魯恆升,"52,383,994",3.22
549, 2021/01/26,90998,九州通,"60,396,142",3.22
419, 2021/01/26,90745,聞泰科技,"26,255,553",3.2
1906, 2021/01/26,77132,青松股份,"16,530,907",3.2
2126, 2021/01/26,77595,歐普康視,"19,470,880",3.2
178, 2021/01/26,90329,中新藥業,"18,103,976",3.19
812, 2021/01/26,93369,今世緣,"40,089,626",3.19
1077, 2021/01/26,70630,銅陵有色,"334,546,714",3.17
1832, 2021/01/26,77003,樂普醫療,"57,305,203",3.17
39, 2021/01/26,90062,華潤雙鶴,"33,023,783",3.16
236, 2021/01/26,90436,PIEN TZE HUAN-A,"18,974,041",3.14
1312, 2021/01/26,72074,國軒高科,"40,086,951",3.13
184, 2021/01/26,90340,華夏幸福,"122,129,723",3.13
1743, 2021/01/26,72745,木林森,"46,388,162",3.12
905, 2021/01/26,93858,步長製藥,"35,708,147",3.12
611, 2021/01/26,91231,環旭電子,"67,545,022",3.09
656, 2021/01/26,91636,旗濱集團,"82,428,993",3.06
663, 2021/01/26,91689,拓普集團,"32,330,250",3.06
1462, 2021/01/26,72299,聖農發展,"38,081,698",3.05
459, 2021/01/26,90809,山西汾酒,"26,308,612",3.03
554, 2021/01/26,91003,柳鋼股份,"77,558,032",3.02
2091, 2021/01/26,77487,藍曉科技,"6,463,972",3.01
692, 2021/01/26,91869,長飛光纖,"3,197,833",3.0
1636, 2021/01/26,72555,三七互娛,"63,305,697",2.99
627, 2021/01/26,91360,三六零,"53,167,211",2.97
741, 2021/01/26,93043,廣州酒家,"11,906,615",2.94
244, 2021/01/26,90460,士蘭微,"38,677,148",2.94
864, 2021/01/26,93650,彤程新材,"3,846,713",2.92
2040, 2021/01/26,77369,綠盟科技,"23,282,307",2.91
1472, 2021/01/26,72311,海大集團,"48,347,089",2.91
1871, 2021/01/26,77070,碧水源,"92,158,833",2.91
1425, 2021/01/26,72249,大洋電機,"68,843,042",2.91
743, 2021/01/26,93056,德邦股份,"27,984,284",2.91
1155, 2021/01/26,70807,雲鋁股份,"90,603,238",2.89
2110, 2021/01/26,77529,健帆生物,"22,972,443",2.87
1466, 2021/01/26,72304,洋河股份,"43,290,531",2.87
213, 2021/01/26,90392,盛和資源,"50,271,242",2.86
1087, 2021/01/26,70661,長春高新,"11,598,976",2.86
1970, 2021/01/26,77251,光線傳媒,"83,862,085",2.85
839, 2021/01/26,93583,捷昌驅動,"4,218,037",2.85
119, 2021/01/26,90210,紫江企業,"43,368,392",2.85
2084, 2021/01/26,77470,中密控股,"5,605,398",2.84
1732, 2021/01/26,72714,牧原股份,"106,923,588",2.84
716, 2021/01/26,91966,玲瓏輪胎,"38,647,468",2.83
2123, 2021/01/26,77577,開潤股份,"6,812,847",2.83
1317, 2021/01/26,72081,金 螳 螂,"75,429,816",2.81
80, 2021/01/26,90125,鐵龍物流,"36,729,347",2.81
759, 2021/01/26,93127,昭衍新藥,"6,283,117",2.76
1183, 2021/01/26,70876,新 希 望,"124,249,061",2.75
1258, 2021/01/26,72001,新 和 成,"58,921,291",2.74
897, 2021/01/26,93801,志邦家居,"5,975,554",2.74
829, 2021/01/26,93517,絕味食品,"16,711,809",2.74
1349, 2021/01/26,72129,中環股份,"83,237,250",2.74
85, 2021/01/26,90138,中青旅,"19,786,744",2.73
1911, 2021/01/26,77142,沃森生物,"42,223,618",2.72
1196, 2021/01/26,70898,鞍鋼股份,"217,414,266",2.71
2058, 2021/01/26,77413,芒果超媒,"48,258,445",2.71
2150, 2021/01/26,77662,科銳國際,"4,968,884",2.71
358, 2021/01/26,90641,萬業企業,"25,824,741",2.69
1109, 2021/01/26,70703,恆逸石化,"99,357,916",2.69
86, 2021/01/26,90141,興發集團,"22,556,672",2.68
122, 2021/01/26,90219,南山鋁業,"320,484,714",2.68
1641, 2021/01/26,72563,森馬服飾,"72,310,909",2.68
1229, 2021/01/26,70961,中南建設,"102,247,372",2.67
567, 2021/01/26,91058,賽輪輪胎,"68,091,052",2.66
847, 2021/01/26,93599,廣信股份,"12,298,318",2.66
430, 2021/01/26,90763,通策醫療,"8,546,260",2.66
648, 2021/01/26,91607,上海醫藥,"50,754,924",2.63
834, 2021/01/26,93556,海興電力,"12,808,317",2.62
1527, 2021/01/26,72396,星網銳捷,"15,338,631",2.62
1190, 2021/01/26,70887,中鼎股份,"32,051,595",2.62
284, 2021/01/26,90522,中天科技,"80,329,304",2.61
1539, 2021/01/26,72414,高德紅外,"41,604,855",2.61
1800, 2021/01/26,72928,華夏航空,"26,362,694",2.6
69, 2021/01/26,90111,北方稀土,"94,590,388",2.6
936, 2021/01/26,93993,洛陽鉬業,"460,616,234",2.6
2007, 2021/01/26,77316,晶盛機電,"33,388,976",2.59
1086, 2021/01/26,70657,中鎢高新,"27,327,229",2.59
930, 2021/01/26,93960,克來機電,"6,662,726",2.58
707, 2021/01/26,91919,中遠海控,"222,671,257",2.57
702, 2021/01/26,91899,紫金礦業,"504,596,226",2.56
1244, 2021/01/26,70983,山西焦煤,"105,009,559",2.56
551, 2021/01/26,91000,唐山港,"152,092,041",2.56
1795, 2021/01/26,72916,深南電路,"12,573,085",2.56
1757, 2021/01/26,72791,堅朗五金,"8,190,029",2.54
595, 2021/01/26,91169,北京銀行,"537,348,735",2.54
1049, 2021/01/26,70568,瀘州老窖,"37,050,716",2.52
787, 2021/01/26,93279,景津環保,"4,793,660",2.51
140, 2021/01/26,90260,凱樂科技,"24,468,283",2.51
565, 2021/01/26,91021,春秋航空,"23,059,782",2.51
1730, 2021/01/26,72709,天賜材料,"13,681,244",2.5
154, 2021/01/26,90285,羚銳製藥,"14,222,112",2.5
1662, 2021/01/26,72600,領益智造,"176,470,519",2.5
693, 2021/01/26,91872,招商輪船,"140,288,030",2.5
1381, 2021/01/26,72180,納思達,"26,914,833",2.5
873, 2021/01/26,93686,龍馬環衛,"10,367,087",2.49
1852, 2021/01/26,77036,超圖軟件,"11,257,280",2.48
538, 2021/01/26,90984,建設機械,"21,365,260",2.48
191, 2021/01/26,90352,浙江龍盛,"80,802,712",2.48
642, 2021/01/26,91577,長沙銀行,"24,485,376",2.46
1796, 2021/01/26,72918,蒙娜麗莎,"9,996,969",2.46
169, 2021/01/26,90315,上海家化,"16,527,099",2.46
1412, 2021/01/26,72233,塔牌集團,"29,272,230",2.45
928, 2021/01/26,93956,威派格,"2,159,013",2.45
331, 2021/01/26,90600,青島啤酒,"17,084,846",2.45
1335, 2021/01/26,72110,三鋼閩光,"59,766,844",2.43
1432, 2021/01/26,72258,利爾化學,"12,774,276",2.43
1427, 2021/01/26,72251,步 步 高,"20,989,821",2.42
666, 2021/01/26,91699,潞安環能,"72,449,336",2.42
277, 2021/01/26,90511,國藥股份,"13,420,549",2.42
610, 2021/01/26,91229,上海銀行,"330,687,259",2.41
408, 2021/01/26,90729,重慶百貨,"9,818,134",2.41
496, 2021/01/26,90875,東方電氣,"48,104,852",2.4
311, 2021/01/26,90567,山鷹國際,"109,908,139",2.39
1436, 2021/01/26,72262,恩華藥業,"24,127,598",2.39
659, 2021/01/26,91668,中國建築,"960,901,020",2.37
279, 2021/01/26,90516,方大炭素,"90,296,918",2.37
207, 2021/01/26,90383,金地集團,"107,390,285",2.37
1821, 2021/01/26,72970,銳明技術,"4,090,136",2.36
647, 2021/01/26,91601,中國太保,"161,887,442",2.36
987, 2021/01/26,70096,廣聚能源,"12,504,542",2.36
1490, 2021/01/26,72340,格林美,"113,086,788",2.36
1951, 2021/01/26,77209,天澤信息,"9,952,106",2.34
517, 2021/01/26,90919,江蘇銀行,"342,177,158",2.33
2041, 2021/01/26,77373,揚傑科技,"11,031,388",2.33
376, 2021/01/26,90667,太極實業,"49,034,876",2.32
1401, 2021/01/26,72216,三全食品,"18,559,103",2.32
2077, 2021/01/26,77457,贏合科技,"15,043,423",2.31
793, 2021/01/26,93305,旭昇股份,"10,361,144",2.31
1281, 2021/01/26,72030,達安基因,"20,272,189",2.31
258, 2021/01/26,90486,揚農化工,"7,167,887",2.31
1787, 2021/01/26,72891,中寵股份,"4,542,703",2.31
860, 2021/01/26,93626,科森科技,"11,148,707",2.31
1363, 2021/01/26,72153,石基信息,"24,831,695",2.31
110, 2021/01/26,90188,兗州煤業,"68,404,652",2.31
51, 2021/01/26,90079,人福醫藥,"31,294,600",2.31
1667, 2021/01/26,72607,中公教育,"142,369,460",2.3
1128, 2021/01/26,70739,普洛藥業,"27,130,398",2.3
405, 2021/01/26,90720,祁連山,"17,846,135",2.29
868, 2021/01/26,93666,億嘉和,"907,919",2.29
2051, 2021/01/26,77395,菲利華,"7,759,183",2.29
2089, 2021/01/26,77482,萬孚生物,"7,842,177",2.28
522, 2021/01/26,90958,東方證券,"131,283,849",2.28
1714, 2021/01/26,72675,東誠藥業,"18,236,385",2.27
760, 2021/01/26,93128,華貿物流,"29,846,295",2.27
503, 2021/01/26,90886,國投電力,"157,706,195",2.26
324, 2021/01/26,90587,新華醫療,"9,127,666",2.26
518, 2021/01/26,90926,杭州銀行,"113,945,375",2.26
1241, 2021/01/26,70977,浪潮信息,"32,807,340",2.25
1477, 2021/01/26,72317,眾生藥業,"18,244,605",2.24
2067, 2021/01/26,77438,鵬輝能源,"9,407,297",2.24
589, 2021/01/26,91155,新城控股,"50,364,352",2.23
568, 2021/01/26,91066,中信建投,"29,194,059",2.22
2066, 2021/01/26,77433,藍思科技,"97,605,485",2.22
188, 2021/01/26,90348,陽泉煤業,"53,178,347",2.21
58, 2021/01/26,90094,大名城,"50,253,766",2.2
56, 2021/01/26,90089,特變電工,"81,540,527",2.19
764, 2021/01/26,93160,匯頂科技,"9,961,693",2.19
1230, 2021/01/26,70963,華東醫藥,"38,405,231",2.19
465, 2021/01/26,90823,世茂股份,"82,074,199",2.18
1514, 2021/01/26,72373,千方科技,"34,580,294",2.18
1111, 2021/01/26,70709,河鋼股份,"231,297,201",2.17
1160, 2021/01/26,70818,航錦科技,"14,976,845",2.17
1011, 2021/01/26,70488,晨鳴紙業,"38,025,285",2.17
1185, 2021/01/26,70878,雲南銅業,"36,882,219",2.16
790, 2021/01/26,93298,杭叉集團,"18,776,168",2.16
1296, 2021/01/26,72048,寧波華翔,"13,530,708",2.16
392, 2021/01/26,90694,大商股份,"6,347,588",2.16
27, 2021/01/26,90038,中直股份,"12,713,124",2.15
805, 2021/01/26,93355,萊克電氣,"8,598,497",2.14
776, 2021/01/26,93218,日月股份,"17,714,344",2.14
1293, 2021/01/26,72044,美年健康,"83,702,721",2.13
635, 2021/01/26,91456,國聯證券,"10,132,159",2.12
1531, 2021/01/26,72402,和而泰,"19,411,615",2.12
1297, 2021/01/26,72049,紫光國微,"12,919,762",2.12
328, 2021/01/26,90596,新安股份,"14,796,182",2.11
67, 2021/01/26,90109,國金證券,"64,103,327",2.11
1062, 2021/01/26,70598,興蓉環境,"63,237,628",2.11
1271, 2021/01/26,72019,億帆醫藥,"25,932,883",2.1
360, 2021/01/26,90643,愛建集團,"30,087,421",2.09
1257, 2021/01/26,71979,招商蛇口,"166,179,121",2.09
1761, 2021/01/26,72797,第一創業,"87,035,023",2.07
1314, 2021/01/26,72078,太陽紙業,"54,343,050",2.07
147, 2021/01/26,90273,嘉化能源,"29,663,823",2.07
1691, 2021/01/26,72641,永高股份,"25,679,786",2.07
1044, 2021/01/26,70560,我愛我家,"48,637,792",2.06
1037, 2021/01/26,70547,航天發展,"33,177,029",2.06
1579, 2021/01/26,72465,海格通信,"47,243,151",2.05
981, 2021/01/26,70069,華僑城Ａ,"168,532,858",2.05
6, 2021/01/26,90010,包鋼股份,"649,935,182",2.05
979, 2021/01/26,70066,中國長城,"60,212,763",2.05
529, 2021/01/26,90971,恆源煤電,"24,652,385",2.05
224, 2021/01/26,90409,三友化工,"42,379,648",2.05
557, 2021/01/26,91009,南京銀行,"173,433,618",2.04
1279, 2021/01/26,72028,思源電氣,"15,598,342",2.04
1518, 2021/01/26,72382,藍帆醫療,"20,589,546",2.03
2114, 2021/01/26,77558,貝達藥業,"8,367,284",2.02
780, 2021/01/26,93233,大參林,"13,295,955",2.02
1000, 2021/01/26,70401,冀東水泥,"27,118,668",2.01
848, 2021/01/26,93600,永藝股份,"6,109,442",2.01
9, 2021/01/26,90015,華夏銀行,"257,357,742",2.0
334, 2021/01/26,90606,綠地控股,"243,710,446",2.0
267, 2021/01/26,90498,烽火通信,"22,654,115",2.0
602, 2021/01/26,91211,國泰君安,"149,012,163",2.0
2202, 2021/01/26,77783,三只松鼠,"8,027,635",2.0
1366, 2021/01/26,72157,正邦科技,"50,515,102",1.99
1228, 2021/01/26,70960,錫業股份,"33,295,978",1.99
933, 2021/01/26,93983,丸美股份,"1,533,660",1.99
310, 2021/01/26,90566,濟川藥業,"16,168,130",1.98
100, 2021/01/26,90170,上海建工,"176,882,471",1.98
1934, 2021/01/26,77182,捷成股份,"51,162,945",1.98
646, 2021/01/26,91600,中國鋁業,"258,393,358",1.97
938, 2021/01/26,95108,同慶樓,"989,081",1.97
912, 2021/01/26,93881,數據港,"4,143,640",1.96
195, 2021/01/26,90366,寧波韻升,"19,466,120",1.96
1341, 2021/01/26,72120,韻達股份,"56,984,311",1.96
683, 2021/01/26,91818,光大銀行,"807,457,085",1.95
1060, 2021/01/26,70596,古井貢酒,"7,486,791",1.95
1520, 2021/01/26,72384,東山精密,"33,401,743",1.95
618, 2021/01/26,91311,駱駝股份,"21,767,963",1.94
1993, 2021/01/26,77296,利亞德,"49,496,128",1.94
1333, 2021/01/26,72106,萊寶高科,"13,715,016",1.94
899, 2021/01/26,93806,福斯特,"14,880,999",1.93
10, 2021/01/26,90016,民生銀行,"685,553,404",1.93
1174, 2021/01/26,70848,承德露露,"20,869,445",1.93
298, 2021/01/26,90547,山東黃金,"68,141,449",1.92
1571, 2021/01/26,72456,歐菲光,"51,552,480",1.91
259, 2021/01/26,90487,亨通光電,"36,408,206",1.91
1313, 2021/01/26,72075,沙鋼股份,"42,239,077",1.91
2184, 2021/01/26,77751,邁為股份,"998,561",1.91
1276, 2021/01/26,72024,蘇寧易購,"176,870,015",1.89
1623, 2021/01/26,72539,雲圖控股,"19,141,900",1.89
881, 2021/01/26,93712,七一二,"6,900,027",1.88
2141, 2021/01/26,77633,開立醫療,"7,607,531",1.88
415, 2021/01/26,90740,山西焦化,"18,139,468",1.88
320, 2021/01/26,90583,海油工程,"83,037,679",1.87
1009, 2021/01/26,70426,興業礦業,"34,392,684",1.87
970, 2021/01/26,70050,深天馬Ａ,"45,484,582",1.85
1371, 2021/01/26,72168,惠程科技,"14,789,432",1.84
1302, 2021/01/26,72056,橫店東磁,"30,259,961",1.84
354, 2021/01/26,90637,東方明珠,"63,145,888",1.84
1211, 2021/01/26,70923,河鋼資源,"12,046,821",1.84
772, 2021/01/26,93195,公牛集團,"1,101,820",1.83
1481, 2021/01/26,72324,普利特,"15,522,934",1.83
973, 2021/01/26,70059,華錦股份,"29,315,279",1.83
631, 2021/01/26,91377,興業證券,"122,132,956",1.82
2121, 2021/01/26,77573,興齊眼藥,"1,493,009",1.81
417, 2021/01/26,90742,一汽富維,"12,173,570",1.81
1681, 2021/01/26,72625,光啟技術,"39,030,133",1.81
1222, 2021/01/26,70938,紫光股份,"51,938,791",1.81
1762, 2021/01/26,72798,帝歐家居,"7,032,459",1.8
414, 2021/01/26,90739,遼寧成大,"27,550,258",1.8
1194, 2021/01/26,70895,雙匯發展,"62,160,777",1.79
822, 2021/01/26,93466,風語築,"5,209,974",1.79
1358, 2021/01/26,72146,榮盛發展,"77,975,207",1.79
1665, 2021/01/26,72603,以嶺藥業,"21,594,998",1.79
1814, 2021/01/26,72959,小熊電器,"2,790,263",1.78
746, 2021/01/26,93077,和邦生物,"157,740,367",1.78
1773, 2021/01/26,72833,弘亞數控,"3,870,437",1.78
261, 2021/01/26,90489,中金黃金,"61,774,978",1.78
294, 2021/01/26,90536,中國軟件,"8,770,179",1.77
1384, 2021/01/26,72185,華天科技,"48,427,968",1.76
1073, 2021/01/26,70623,吉林敖東,"20,558,412",1.76
2032, 2021/01/26,77357,我武生物,"9,228,236",1.76
193, 2021/01/26,90362,江西銅業,"36,379,107",1.75
1533, 2021/01/26,72407,多氟多,"12,121,492",1.74
1426, 2021/01/26,72250,聯化科技,"16,133,025",1.74
624, 2021/01/26,91333,廣深鐵路,"98,240,189",1.73
900, 2021/01/26,93808,歌力思,"5,778,976",1.73
105, 2021/01/26,90177,雅戈爾,"80,260,453",1.73
203, 2021/01/26,90378,昊華科技,"6,201,013",1.73
175, 2021/01/26,90325,華發股份,"36,533,860",1.73
283, 2021/01/26,90521,華海藥業,"25,189,524",1.73
622, 2021/01/26,91328,交通銀行,"678,638,256",1.72
1100, 2021/01/26,70683,遠興能源,"64,241,910",1.71
1239, 2021/01/26,70975,銀泰黃金,"47,633,159",1.71
330, 2021/01/26,90598,北大荒,"30,286,479",1.7
1127, 2021/01/26,70738,航發控制,"19,506,944",1.7
94, 2021/01/26,90161,天壇生物,"21,430,982",1.7
398, 2021/01/26,90705,中航資本,"150,731,309",1.69
1261, 2021/01/26,72004,華邦健康,"33,604,173",1.69
0, 2021/01/26,90000,浦發銀行,"495,458,070",1.68
1534, 2021/01/26,72408,齊翔騰達,"29,865,604",1.68
1344, 2021/01/26,72123,夢網集團,"13,657,693",1.68
1939, 2021/01/26,77188,美亞柏科,"13,560,012",1.68
1541, 2021/01/26,72416,愛施德,"20,767,949",1.67
128, 2021/01/26,90233,圓通速遞,"52,959,329",1.67
977, 2021/01/26,70063,中興通訊,"64,741,557",1.67
1064, 2021/01/26,70601,韶能股份,"18,133,862",1.67
722, 2021/01/26,91990,南京證券,"34,540,436",1.67
1958, 2021/01/26,77224,正海磁材,"13,750,307",1.67
1093, 2021/01/26,70671,陽 光 城,"68,772,111",1.66
2158, 2021/01/26,77677,英科醫療,"5,859,144",1.66
198, 2021/01/26,90372,中航電子,"32,054,557",1.66
526, 2021/01/26,90967,內蒙一機,"28,155,991",1.66
785, 2021/01/26,93260,合盛矽業,"15,626,072",1.66
485, 2021/01/26,90859,王府井,"12,898,007",1.66
541, 2021/01/26,90987,航民股份,"15,204,980",1.65
1690, 2021/01/26,72640,跨境通,"25,710,858",1.65
141, 2021/01/26,90261,陽光照明,"23,824,703",1.64
1013, 2021/01/26,70501,鄂武商Ａ,"12,614,831",1.64
1307, 2021/01/26,72065,東華軟件,"51,386,488",1.64
1522, 2021/01/26,72387,維信諾,"22,296,249",1.63
1804, 2021/01/26,72938,鵬鼎控股,"37,677,383",1.63
136, 2021/01/26,90256,廣彙能源,"110,665,349",1.63
527, 2021/01/26,90968,海油發展,"30,574,360",1.63
1446, 2021/01/26,72276,萬馬股份,"16,938,488",1.63
1727, 2021/01/26,72705,新寶股份,"13,459,554",1.62
1605, 2021/01/26,72506,協鑫集成,"94,889,838",1.62
1054, 2021/01/26,70582,北部灣港,"26,454,720",1.61
1898, 2021/01/26,77118,東方日升,"14,537,615",1.61
476, 2021/01/26,90837,海通證券,"130,814,128",1.61
196, 2021/01/26,90368,五洲交通,"18,016,790",1.6
996, 2021/01/26,70301,東方盛虹,"77,387,266",1.6
1777, 2021/01/26,72841,視源股份,"10,732,047",1.6
424, 2021/01/26,90756,浪潮軟件,"5,214,202",1.6
420, 2021/01/26,90748,上實發展,"29,576,292",1.6
113, 2021/01/26,90196,復星醫藥,"32,084,408",1.59
1592, 2021/01/26,72488,金固股份,"16,001,447",1.59
542, 2021/01/26,90988,赤峰黃金,"24,483,052",1.59
432, 2021/01/26,90765,中航重機,"13,578,320",1.58
2200, 2021/01/26,77777,中簡科技,"6,296,750",1.57
1540, 2021/01/26,72415,海康威視,"147,013,442",1.57
1118, 2021/01/26,70723,美錦能源,"63,888,135",1.56
1138, 2021/01/26,70776,廣發證券,"92,652,125",1.56
1236, 2021/01/26,70970,中科三環,"16,535,317",1.55
1150, 2021/01/26,70799,酒鬼酒,"5,052,010",1.55
397, 2021/01/26,90704,物產中大,"78,816,803",1.55
7, 2021/01/26,90011,華能國際,"171,227,459",1.55
856, 2021/01/26,93613,國聯股份,"1,856,961",1.54
660, 2021/01/26,91669,中國電建,"170,568,119",1.53
1962, 2021/01/26,77232,洲明科技,"15,074,626",1.53
625, 2021/01/26,91336,新華保險,"31,969,405",1.53
1038, 2021/01/26,70550,江鈴汽車,"7,959,258",1.53
2189, 2021/01/26,77762,上海瀚訊,"3,278,469",1.53
359, 2021/01/26,90642,申能股份,"69,318,229",1.52
1798, 2021/01/26,72925,盈趣科技,"7,013,611",1.52
2073, 2021/01/26,77451,創業慧康,"18,232,273",1.52
1250, 2021/01/26,70998,隆平高科,"20,105,311",1.52
507, 2021/01/26,90893,航發動力,"31,953,477",1.51
890, 2021/01/26,93766,隆鑫通用,"30,821,252",1.5
1422, 2021/01/26,72244,濱江集團,"46,922,457",1.5
498, 2021/01/26,90879,航天電子,"41,027,064",1.5
579, 2021/01/26,91108,財通證券,"53,883,168",1.5
604, 2021/01/26,91216,君正集團,"126,332,977",1.49
458, 2021/01/26,90808,馬鋼股份,"89,232,568",1.49
591, 2021/01/26,91162,天風證券,"57,517,347",1.49
2175, 2021/01/26,77737,科順股份,"9,140,876",1.49
1670, 2021/01/26,72610,愛康科技,"66,487,577",1.48
2116, 2021/01/26,77567,精測電子,"3,663,190",1.48
1831, 2021/01/26,77002,神州泰岳,"29,161,332",1.48
582, 2021/01/26,91117,中國化學,"73,196,490",1.48
830, 2021/01/26,93520,司太立,"3,454,813",1.47
464, 2021/01/26,90820,隧道股份,"46,409,882",1.47
1141, 2021/01/26,70783,長江證券,"81,737,796",1.47
633, 2021/01/26,91390,中國中鐵,"300,756,967",1.47
1129, 2021/01/26,70750,國海證券,"79,724,996",1.46
947, 2021/01/26,70008,神州高鐵,"40,864,845",1.46
1098, 2021/01/26,70681,視覺中國,"10,278,058",1.46
1664, 2021/01/26,72602,世紀華通,"108,993,073",1.46
239, 2021/01/26,90446,金證股份,"12,414,770",1.45
1132, 2021/01/26,70758,中色股份,"28,699,635",1.45
510, 2021/01/26,90897,廈門空港,"4,326,816",1.45
1376, 2021/01/26,72174,游族網絡,"13,305,599",1.45
1224, 2021/01/26,70951,中國重汽,"9,730,296",1.44
1718, 2021/01/26,72683,宏大爆破,"10,859,716",1.44
1793, 2021/01/26,72912,中新賽克,"2,498,907",1.43
733, 2021/01/26,93008,喜臨門,"5,562,419",1.43
815, 2021/01/26,93392,萬泰生物,"624,440",1.43
368, 2021/01/26,90657,信達地產,"21,803,957",1.43
1851, 2021/01/26,77034,鋼研高納,"6,690,380",1.42
1510, 2021/01/26,72368,太極股份,"8,268,578",1.42
2140, 2021/01/26,77630,普利製藥,"6,166,309",1.41
1386, 2021/01/26,72191,勁嘉股份,"20,720,852",1.41
674, 2021/01/26,91788,光大證券,"55,157,631",1.41
8, 2021/01/26,90012,皖通高速,"16,496,587",1.41
665, 2021/01/26,91698,中國衛通,"5,743,766",1.4
1288, 2021/01/26,72038,雙鷺藥業,"14,443,111",1.4
4, 2021/01/26,90008,首創股份,"102,796,625",1.4
1265, 2021/01/26,72010,傳化智聯,"46,542,312",1.4
1724, 2021/01/26,72699,美盛文化,"12,769,719",1.4
739, 2021/01/26,93027,千禾味業,"9,312,854",1.4
1535, 2021/01/26,72409,雅克科技,"6,523,035",1.4
652, 2021/01/26,91618,中國中冶,"251,380,915",1.4
1199, 2021/01/26,70902,新洋豐,"18,315,495",1.4
1001, 2021/01/26,70402,金 融 街,"41,648,479",1.39
1952, 2021/01/26,77212,易華錄,"9,034,669",1.39
1842, 2021/01/26,77017,網宿科技,"34,180,253",1.39
550, 2021/01/26,90999,招商證券,"103,372,086",1.39
1267, 2021/01/26,72013,中航機電,"54,376,515",1.39
31, 2021/01/26,90053,九鼎投資,"6,025,592",1.38
194, 2021/01/26,90363,聯創光電,"6,140,151",1.38
1005, 2021/01/26,70415,渤海租賃,"85,765,210",1.38
1094, 2021/01/26,70672,上峰水泥,"11,284,468",1.38
2139, 2021/01/26,77628,億聯網絡,"12,489,524",1.38
657, 2021/01/26,91658,郵儲銀行,"156,028,351",1.38
721, 2021/01/26,91989,中國重工,"250,768,922",1.37
797, 2021/01/26,93327,福蓉科技,"1,405,505",1.37
378, 2021/01/26,90673,東陽光,"33,735,994",1.37
1364, 2021/01/26,72155,湖南黃金,"16,472,137",1.37
44, 2021/01/26,90068,葛洲壩,"62,785,306",1.36
2096, 2021/01/26,77498,溫氏股份,"86,827,725",1.36
321, 2021/01/26,90584,長電科技,"18,502,243",1.36
754, 2021/01/26,93113,金能科技,"9,760,739",1.36
598, 2021/01/26,91198,東興證券,"37,714,939",1.36
1458, 2021/01/26,72294,信立泰,"14,167,075",1.35
2013, 2021/01/26,77324,旋極信息,"23,775,939",1.35
215, 2021/01/26,90395,盤江股份,"22,483,515",1.35
1569, 2021/01/26,72449,國星光電,"8,292,138",1.34
1122, 2021/01/26,70728,國元證券,"58,774,131",1.34
1882, 2021/01/26,77088,長信科技,"32,896,218",1.34
1329, 2021/01/26,72099,海翔藥業,"21,787,973",1.34
563, 2021/01/26,91019,山東出版,"27,982,216",1.34
1362, 2021/01/26,72152,廣電運通,"32,244,907",1.33
1524, 2021/01/26,72390,信邦製藥,"22,288,434",1.33
1521, 2021/01/26,72385,大北農,"55,689,556",1.32
318, 2021/01/26,90580,臥龍電驅,"17,355,621",1.32
1845, 2021/01/26,77024,機器人,"20,708,946",1.32
304, 2021/01/26,90557,康緣藥業,"7,830,263",1.32
73, 2021/01/26,90115,東方航空,"129,956,539",1.32
911, 2021/01/26,93877,太平鳥,"6,325,052",1.32
1769, 2021/01/26,72818,富森美,"9,988,229",1.32
1754, 2021/01/26,72773,康弘藥業,"12,117,526",1.31
1394, 2021/01/26,72204,大連重工,"25,333,241",1.31
1246, 2021/01/26,70988,華工科技,"13,254,093",1.31
1221, 2021/01/26,70937,冀中能源,"46,534,935",1.31
1291, 2021/01/26,72042,華孚時尚,"19,823,100",1.3
1306, 2021/01/26,72064,華峰化學,"60,069,410",1.29
18, 2021/01/26,90026,中遠海能,"35,520,928",1.29
179, 2021/01/26,90332,白雲山,"18,269,413",1.29
948, 2021/01/26,70009,中國寶安,"33,488,458",1.29
1393, 2021/01/26,72203,海亮股份,"25,122,950",1.28
34, 2021/01/26,90057,廈門象嶼,"27,682,258",1.28
1361, 2021/01/26,72151,北斗星通,"6,509,832",1.28
1774, 2021/01/26,72837,英維克,"4,132,011",1.28
600, 2021/01/26,91200,上海環境,"14,356,874",1.27
870, 2021/01/26,93678,火炬電子,"5,798,241",1.26
1552, 2021/01/26,72429,兆馳股份,"57,241,760",1.26
724, 2021/01/26,91992,金隅集團,"104,994,313",1.25
1320, 2021/01/26,72085,萬豐奧威,"27,376,765",1.25
1473, 2021/01/26,72312,三泰控股,"17,228,484",1.25
1113, 2021/01/26,70712,錦龍股份,"11,241,964",1.25
774, 2021/01/26,93198,迎駕貢酒,"10,006,960",1.25
543, 2021/01/26,90989,寶豐能源,"24,906,962",1.24
2136, 2021/01/26,77623,捷捷微電,"6,117,406",1.24
862, 2021/01/26,93638,艾迪精密,"6,964,904",1.24
1791, 2021/01/26,72910,莊園牧場,"2,480,064",1.24
1076, 2021/01/26,70629,攀鋼釩鈦,"106,425,167",1.23
1137, 2021/01/26,70768,中航西飛,"34,068,787",1.23
1693, 2021/01/26,72643,萬潤股份,"11,093,740",1.22
953, 2021/01/26,70021,深科技,"18,040,450",1.22
885, 2021/01/26,93728,鳴志電器,"5,113,770",1.22
1478, 2021/01/26,72318,久立特材,"11,866,175",1.21
639, 2021/01/26,91555,東吳證券,"47,169,017",1.21
1772, 2021/01/26,72832,比音勒芬,"6,341,843",1.21
995, 2021/01/26,70166,申萬宏源,"273,144,117",1.21
1249, 2021/01/26,70997,新 大 陸,"12,789,702",1.21
329, 2021/01/26,90597,光明乳業,"14,919,530",1.21
719, 2021/01/26,91985,中國核電,"189,582,652",1.21
1956, 2021/01/26,77222,科大智能,"8,689,702",1.2
209, 2021/01/26,90387,海越能源,"4,857,379",1.2
1345, 2021/01/26,72124,天邦股份,"15,853,880",1.2
1723, 2021/01/26,72698,博實股份,"12,360,292",1.2
1593, 2021/01/26,72489,浙江永強,"26,122,603",1.2
316, 2021/01/26,90577,精達股份,"23,017,692",1.19
1926, 2021/01/26,77166,東方國信,"12,630,867",1.19
309, 2021/01/26,90565,迪馬股份,"28,669,942",1.19
1034, 2021/01/26,70543,皖能電力,"27,089,201",1.19
1277, 2021/01/26,72025,航天電器,"5,138,683",1.19
481, 2021/01/26,90848,上海臨港,"14,519,029",1.19
969, 2021/01/26,70049,德賽電池,"2,472,604",1.19
1115, 2021/01/26,70718,蘇寧環球,"36,141,166",1.19
974, 2021/01/26,70060,中金嶺南,"42,706,441",1.19
2205, 2021/01/26,77791,仙樂健康,"1,425,833",1.18
1255, 2021/01/26,71914,招商積餘,"12,579,049",1.18
1755, 2021/01/26,72777,久遠銀海,"3,713,451",1.18
118, 2021/01/26,90208,新湖中寶,"101,601,235",1.18
1780, 2021/01/26,72850,科達利,"2,731,158",1.17
580, 2021/01/26,91111,中國國航,"117,240,048",1.17
1591, 2021/01/26,72484,江海股份,"9,653,437",1.17
574, 2021/01/26,91099,太平洋,"79,859,220",1.17
1543, 2021/01/26,72419,天虹股份,"14,112,844",1.17
1483, 2021/01/26,72326,永太科技,"10,293,383",1.17
748, 2021/01/26,93087,甘李藥業,"658,909",1.17
28, 2021/01/26,90039,四川路橋,"42,397,037",1.17
1782, 2021/01/26,72859,潔美科技,"4,826,349",1.17
197, 2021/01/26,90369,西南証券,"66,236,120",1.17
230, 2021/01/26,90422,昆藥集團,"8,831,117",1.16
1862, 2021/01/26,77054,鼎龍股份,"10,910,274",1.16
875, 2021/01/26,93690,至純科技,"2,815,504",1.16
1946, 2021/01/26,77203,聚光科技,"5,255,777",1.16
643, 2021/01/26,91588,北辰實業,"31,114,228",1.16
1789, 2021/01/26,72906,華陽集團,"5,505,502",1.16
806, 2021/01/26,93357,設計總院,"5,299,574",1.16
2117, 2021/01/26,77568,星源材質,"5,229,952",1.16
81, 2021/01/26,90131,國網信通,"6,238,972",1.15
2050, 2021/01/26,77394,天孚通信,"2,284,472",1.15
826, 2021/01/26,93505,金石資源,"2,747,021",1.15
1075, 2021/01/26,70627,天茂集團,"57,009,692",1.15
1675, 2021/01/26,72617,露笑科技,"17,506,492",1.15
1181, 2021/01/26,70869,張 裕Ａ,"5,174,113",1.14
1272, 2021/01/26,72020,京新藥業,"8,042,918",1.14
1351, 2021/01/26,72131,利歐股份,"77,244,309",1.14
705, 2021/01/26,91916,浙商銀行,"80,065,533",1.14
2097, 2021/01/26,77502,新易盛,"4,107,955",1.13
1711, 2021/01/26,72670,國盛金控,"21,891,223",1.13
20, 2021/01/26,90028,中國石化,"1,083,760,572",1.13
1766, 2021/01/26,72807,江陰銀行,"24,707,423",1.13
2172, 2021/01/26,77725,藥石科技,"1,722,498",1.12
697, 2021/01/26,91881,中國銀河,"72,807,713",1.12
1846, 2021/01/26,77026,紅日藥業,"33,763,998",1.12
159, 2021/01/26,90295,鄂爾多斯,"7,339,893",1.12
994, 2021/01/26,70158,常山北明,"18,061,414",1.12
3, 2021/01/26,90007,中國國貿,"11,322,772",1.12
2059, 2021/01/26,77418,昆侖萬維,"13,078,328",1.11
176, 2021/01/26,90326,西藏天路,"10,228,121",1.11
117, 2021/01/26,90206,有研新材,"9,366,690",1.11
2042, 2021/01/26,77376,易事特,"25,841,597",1.11
380, 2021/01/26,90675,中華企業,"24,853,976",1.1
1125, 2021/01/26,70733,振華科技,"5,663,877",1.1
1740, 2021/01/26,72737,葵花藥業,"6,425,667",1.1
245, 2021/01/26,90466,藍光發展,"33,649,458",1.1
1102, 2021/01/26,70686,東北證券,"25,870,311",1.1
872, 2021/01/26,93681,永冠新材,"680,303",1.1
1124, 2021/01/26,70732,泰禾集團,"27,502,421",1.1
2161, 2021/01/26,77684,中石科技,"3,117,761",1.1
745, 2021/01/26,93068,博通集成,"1,035,347",1.09
1220, 2021/01/26,70936,華西股份,"9,705,901",1.09
1428, 2021/01/26,72252,上海萊士,"73,662,970",1.09
1151, 2021/01/26,70800,一汽解放,"49,995,899",1.08
2081, 2021/01/26,77465,高偉達,"4,863,472",1.08
1486, 2021/01/26,72332,仙琚製藥,"10,684,017",1.08
714, 2021/01/26,91958,金鉬股份,"34,928,710",1.08
878, 2021/01/26,93707,健友股份,"10,147,077",1.08
356, 2021/01/26,90639,浦東金橋,"9,183,037",1.08
1443, 2021/01/26,72273,水晶光電,"13,139,525",1.07
1063, 2021/01/26,70600,建投能源,"19,286,955",1.07
1652, 2021/01/26,72583,海能達,"19,764,869",1.07
33, 2021/01/26,90056,中國醫藥,"11,528,599",1.07
1515, 2021/01/26,72375,亞廈股份,"14,207,014",1.06
1682, 2021/01/26,72626,金達威,"6,563,207",1.06
968, 2021/01/26,70046,泛海控股,"55,208,619",1.06
786, 2021/01/26,93267,鴻遠電子,"1,684,719",1.06
1661, 2021/01/26,72597,金禾實業,"5,905,439",1.05
2021, 2021/01/26,77339,潤和軟件,"8,385,873",1.05
1899, 2021/01/26,77119,"TIANJIN RINGPU BIO-TECHNOLOGY CO.,LTD. (A #300119)","4,220,086",1.04
1184, 2021/01/26,70877,天山股份,"10,950,085",1.04
428, 2021/01/26,90760,中航沈飛,"14,584,173",1.04
210, 2021/01/26,90388,龍淨環保,"11,092,331",1.03
1235, 2021/01/26,70969,安泰科技,"10,582,389",1.03
1975, 2021/01/26,77257,開山股份,"10,263,604",1.03
400, 2021/01/26,90711,盛屯礦業,"23,156,389",1.03
1323, 2021/01/26,72091,江蘇國泰,"16,253,105",1.03
1059, 2021/01/26,70592,平潭發展,"19,850,649",1.02
571, 2021/01/26,91077,渝農商行,"60,395,119",1.02
438, 2021/01/26,90777,新潮能源,"63,657,756",1.02
389, 2021/01/26,90688,上海石化,"75,431,465",1.02
19, 2021/01/26,90027,華電國際,"82,824,731",1.01
384, 2021/01/26,90682,南京新百,"11,814,298",1.01
38, 2021/01/26,90061,國投資本,"42,861,841",1.01
606, 2021/01/26,91222,林洋能源,"17,674,826",1.01
336, 2021/01/26,90612,老鳳祥,"3,212,491",1.01
2028, 2021/01/26,77349,金卡智能,"4,315,414",1.0
1453, 2021/01/26,72285,世聯行,"20,402,776",1.0
1348, 2021/01/26,72128,露天煤業,"19,261,576",1.0
1389, 2021/01/26,72195,二三四五,"57,708,675",1.0
291, 2021/01/26,90531,豫光金鉛,"10,994,687",1.0
1799, 2021/01/26,72926,華西證券,"26,284,980",1.0
1776, 2021/01/26,72839,張家港行,"18,061,672",0.99
761, 2021/01/26,93129,春風動力,"1,333,017",0.99
2010, 2021/01/26,77319,麥捷科技,"6,961,801",0.99
2159, 2021/01/26,77679,電連技術,"2,795,991",0.99
1295, 2021/01/26,72047,寶鷹股份,"13,211,705",0.98
1713, 2021/01/26,72673,西部證券,"44,112,704",0.98
121, 2021/01/26,90216,浙江醫藥,"9,520,153",0.98
509, 2021/01/26,90895,張江高科,"15,297,624",0.98
788, 2021/01/26,93283,賽騰股份,"1,715,099",0.98
1687, 2021/01/26,72636,金安國紀,"7,147,799",0.98
15, 2021/01/26,90021,上海電力,"22,848,047",0.97
1865, 2021/01/26,77058,藍色光標,"24,258,587",0.97
1738, 2021/01/26,72733,雄韜股份,"3,756,753",0.97
45, 2021/01/26,90070,浙江富潤,"5,032,014",0.96
37, 2021/01/26,90060,海信視像,"12,591,649",0.96
469, 2021/01/26,90827,百聯股份,"15,561,277",0.96
1471, 2021/01/26,72310,東方園林,"25,900,010",0.96
1144, 2021/01/26,70789,萬年青,"7,648,957",0.95
661, 2021/01/26,91678,濱化股份,"15,676,166",0.95
1870, 2021/01/26,77068,南都電源,"8,184,452",0.95
588, 2021/01/26,91139,深圳燃氣,"27,517,115",0.95
1582, 2021/01/26,72468,申通快遞,"14,605,694",0.95
695, 2021/01/26,91878,浙商證券,"34,562,897",0.95
879, 2021/01/26,93708,家家悅,"5,759,559",0.94
853, 2021/01/26,93609,禾豐牧業,"8,517,810",0.94
2071, 2021/01/26,77448,浩雲科技,"6,523,451",0.94
1600, 2021/01/26,72500,山西證券,"34,054,254",0.94
2036, 2021/01/26,77365,恆華科技,"5,748,370",0.94
480, 2021/01/26,90846,同濟科技,"5,907,683",0.94
1287, 2021/01/26,72036,聯創電子,"9,827,868",0.93
533, 2021/01/26,90977,中國電影,"17,488,254",0.93
1101, 2021/01/26,70685,中山公用,"13,734,122",0.93
1032, 2021/01/26,70540,中天金融,"65,551,620",0.93
2193, 2021/01/26,77767,震安科技,"1,343,280",0.93
1357, 2021/01/26,72145,中核鈦白,"19,206,668",0.93
955, 2021/01/26,70027,深圳能源,"44,694,308",0.93
1404, 2021/01/26,72222,福晶科技,"3,992,127",0.93
736, 2021/01/26,93018,華設集團,"5,137,219",0.92
455, 2021/01/26,90804,鵬博士,"13,252,639",0.92
1856, 2021/01/26,77043,星輝娛樂,"11,453,027",0.92
1457, 2021/01/26,72293,羅萊生活,"7,571,273",0.91
1383, 2021/01/26,72183,怡 亞 通,"19,198,766",0.9
1653, 2021/01/26,72585,雙星新材,"10,464,538",0.9
1768, 2021/01/26,72815,崇達技術,"7,950,515",0.9
1418, 2021/01/26,72240,盛新鋰能,"6,776,640",0.9
1529, 2021/01/26,72399,海普瑞,"11,236,302",0.9
986, 2021/01/26,70090,天健集團,"16,733,598",0.89
2086, 2021/01/26,77476,勝宏科技,"6,930,039",0.89
626, 2021/01/26,91339,百隆東方,"13,486,915",0.89
1749, 2021/01/26,72756,永興材料,"3,599,071",0.89
670, 2021/01/26,91727,上海電氣,"100,236,764",0.89
1247, 2021/01/26,70989,九 芝 堂,"7,670,853",0.88
1894, 2021/01/26,77113,順網科技,"6,145,194",0.88
514, 2021/01/26,90909,華安證券,"32,023,342",0.88
183, 2021/01/26,90338,西藏珠峰,"8,131,595",0.88
201, 2021/01/26,90376,首開股份,"22,782,417",0.88
1671, 2021/01/26,72611,東方精工,"13,661,713",0.88
809, 2021/01/26,93363,傲農生物,"5,461,966",0.87
1876, 2021/01/26,77078,思創醫惠,"7,594,703",0.87
1933, 2021/01/26,77180,華峰超纖,"15,430,515",0.87
1166, 2021/01/26,70826,啟迪環境,"12,567,477",0.87
842, 2021/01/26,93588,高能環境,"6,563,577",0.87
620, 2021/01/26,91319,中國人保集團,"48,228,140",0.86
1240, 2021/01/26,70976,華鐵股份,"13,826,973",0.86
2144, 2021/01/26,77639,凱普生物,"2,045,270",0.86
168, 2021/01/26,90312,平高電氣,"11,666,460",0.85
1596, 2021/01/26,72493,榮盛石化,"57,784,164",0.85
740, 2021/01/26,93039,泛微網路,"1,795,916",0.85
1508, 2021/01/26,72366,台海核電,"7,406,745",0.85
561, 2021/01/26,91016,節能風電,"35,508,268",0.85
630, 2021/01/26,91375,中原證券,"22,539,100",0.84
1430, 2021/01/26,72254,泰和新材,"5,805,972",0.84
1779, 2021/01/26,72847,鹽津鋪子,"1,092,662",0.84
2134, 2021/01/26,77616,尚品宅配,"1,677,867",0.84
1836, 2021/01/26,77009,安科生物,"11,593,555",0.84
241, 2021/01/26,90452,涪陵電力,"3,722,092",0.84
691, 2021/01/26,91866,中遠海發,"65,880,308",0.83
2153, 2021/01/26,77666,江豐電子,"1,875,976",0.83
1274, 2021/01/26,72022,科華生物,"4,295,611",0.83
769, 2021/01/26,93180,金牌廚櫃,"849,496",0.83
1572, 2021/01/26,72458,益生股份,"8,281,195",0.83
836, 2021/01/26,93568,偉明環保,"10,479,634",0.83
932, 2021/01/26,93982,泉峰汽車,"668,864",0.82
97, 2021/01/26,90167,聯美控股,"18,922,501",0.82
1945, 2021/01/26,77202,聚龍股份,"4,529,249",0.82
964, 2021/01/26,70039,中集集團,"12,599,933",0.82
1595, 2021/01/26,72491,通鼎互聯,"10,235,102",0.81
1964, 2021/01/26,77236,上海新陽,"2,375,674",0.81
2143, 2021/01/26,77638,廣和通,"1,960,438",0.81
1639, 2021/01/26,72558,巨人網絡,"16,544,849",0.81
2049, 2021/01/26,77390,天華超淨,"4,507,668",0.81
658, 2021/01/26,91666,平煤股份,"18,911,062",0.81
2045, 2021/01/26,77379,東方通,"2,318,063",0.81
2085, 2021/01/26,77474,景嘉微,"2,455,673",0.81
1928, 2021/01/26,77170,漢得信息,"7,228,195",0.81
1854, 2021/01/26,77038,數知科技,"9,581,668",0.81
1029, 2021/01/26,70537,廣宇發展,"15,094,870",0.81
1963, 2021/01/26,77233,金城醫藥,"3,174,838",0.81
673, 2021/01/26,91778,晶科科技,"4,775,876",0.8
1065, 2021/01/26,70603,盛達資源,"5,533,239",0.8
1110, 2021/01/26,70708,中信特鋼,"40,773,283",0.8
1186, 2021/01/26,70881,中廣核技,"7,604,754",0.8
1818, 2021/01/26,72966,蘇州銀行,"26,731,616",0.8
1984, 2021/01/26,77276,三豐智能,"11,468,962",0.8
1573, 2021/01/26,72459,晶澳科技,"12,884,409",0.8
2120, 2021/01/26,77572,安車檢測,"1,540,864",0.79
2178, 2021/01/26,77740,禦家匯,"3,263,264",0.79
798, 2021/01/26,93328,依頓電子,"7,981,762",0.79
775, 2021/01/26,93208,江山歐派,"836,091",0.79
1205, 2021/01/26,70913,錢江摩托,"3,583,221",0.79
2173, 2021/01/26,77726,宏達電子,"3,200,412",0.79
1227, 2021/01/26,70959,首鋼股份,"41,894,349",0.79
182, 2021/01/26,90337,美克家居,"12,887,583",0.79
1438, 2021/01/26,72266,浙富控股,"42,098,572",0.78
1656, 2021/01/26,72589,瑞康醫藥,"11,781,859",0.78
1957, 2021/01/26,77223,北京君正,"3,685,189",0.78
1819, 2021/01/26,72967,廣電計量,"4,167,696",0.78
14, 2021/01/26,90020,中原高速,"17,558,931",0.78
1991, 2021/01/26,77294,博雅生物,"3,420,802",0.78
680, 2021/01/26,91808,中海油服,"23,119,680",0.78
423, 2021/01/26,90755,廈門國貿,"14,278,961",0.77
2179, 2021/01/26,77741,華寶股份,"4,799,599",0.77
800, 2021/01/26,93337,傑克股份,"3,435,966",0.77
2131, 2021/01/26,77604,長川科技,"2,425,693",0.77
1709, 2021/01/26,72665,首航高科,"19,628,366",0.77
1146, 2021/01/26,70793,華聞集團,"15,466,243",0.77
468, 2021/01/26,90826,蘭生股份,"3,245,261",0.77
2197, 2021/01/26,77773,拉卡拉,"6,100,835",0.76
1765, 2021/01/26,72803,吉宏股份,"2,878,316",0.76
1058, 2021/01/26,70591,太陽能,"23,043,249",0.76
783, 2021/01/26,93258,電魂網絡,"1,847,514",0.76
1325, 2021/01/26,72093,國脈科技,"7,567,262",0.75
1822, 2021/01/26,72973,僑銀股份,"3,067,102",0.75
1604, 2021/01/26,72505,鵬都農牧,"48,293,013",0.75
1645, 2021/01/26,72570,貝因美,"7,749,937",0.75
335, 2021/01/26,90611,大眾交通,"11,817,275",0.75
681, 2021/01/26,91811,新華文軒,"5,974,581",0.75
1036, 2021/01/26,70546,金圓股份,"5,388,802",0.75
101, 2021/01/26,90171,上海貝嶺,"5,280,071",0.75
2145, 2021/01/26,77653,正海生物,"891,366",0.74
1594, 2021/01/26,72490,山東墨龍,"4,035,130",0.74
1469, 2021/01/26,72308,威創股份,"6,722,049",0.74
924, 2021/01/26,93920,世運電路,"3,036,044",0.74
305, 2021/01/26,90559,老白干酒,"6,557,210",0.74
727, 2021/01/26,91997,貴陽銀行,"22,964,529",0.74
2055, 2021/01/26,77406,九強生物,"4,362,128",0.74
2037, 2021/01/26,77366,創意信息,"3,856,899",0.73
1043, 2021/01/26,70559,萬向錢潮,"24,411,052",0.73
1148, 2021/01/26,70796,凱撒旅業,"5,809,857",0.72
2064, 2021/01/26,77429,強力新材,"3,713,270",0.72
495, 2021/01/26,90874,創業環保,"7,838,560",0.72
2170, 2021/01/26,77723,一品紅,"1,159,110",0.72
530, 2021/01/26,90973,寶勝股份,"8,860,390",0.72
1474, 2021/01/26,72313,日海智能,"2,709,367",0.72
713, 2021/01/26,91952,蘇墾農發,"9,864,157",0.71
1598, 2021/01/26,72497,雅化集團,"7,379,110",0.71
2006, 2021/01/26,77315,掌趣科技,"19,796,356",0.71
682, 2021/01/26,91816,京滬高鐵,"194,285,736",0.71
2079, 2021/01/26,77459,金科文化,"25,013,911",0.71
2195, 2021/01/26,77770,新媒股份,"1,651,856",0.71
915, 2021/01/26,93885,吉祥航空,"12,876,947",0.71
1131, 2021/01/26,70756,新華製藥,"3,070,943",0.71
2160, 2021/01/26,77682,朗新科技,"7,282,818",0.71
988, 2021/01/26,70099,中信海直,"4,352,619",0.71
832, 2021/01/26,93533,掌閱科技,"2,856,880",0.71
1544, 2021/01/26,72421,達實智能,"13,515,276",0.7
1547, 2021/01/26,72424,貴州百靈,"9,952,782",0.7
1374, 2021/01/26,72171,楚江新材,"9,375,862",0.7
1072, 2021/01/26,70620,新華聯,"13,430,792",0.7
777, 2021/01/26,93220,中貝通信,"1,293,492",0.69
344, 2021/01/26,90622,光大嘉寶,"10,479,854",0.69
976, 2021/01/26,70062,深圳華強,"7,236,984",0.69
819, 2021/01/26,93429,集友股份,"2,590,422",0.69
641, 2021/01/26,91567,三星醫療,"9,675,241",0.69
975, 2021/01/26,70061,農 產 品,"11,669,428",0.68
410, 2021/01/26,90733,北汽藍谷,"12,441,454",0.68
1104, 2021/01/26,70688,國城礦業,"7,684,668",0.67
917, 2021/01/26,93888,新華網,"3,513,518",0.67
756, 2021/01/26,93118,共進股份,"5,263,754",0.67
811, 2021/01/26,93368,柳藥股份,"2,420,536",0.67
572, 2021/01/26,91088,中國神華,"111,540,488",0.67
1523, 2021/01/26,72389,航天彩虹,"6,347,354",0.67
1994, 2021/01/26,77297,藍盾股份,"8,375,239",0.67
1019, 2021/01/26,70516,國際醫學,"13,113,194",0.66
263, 2021/01/26,90491,龍元建設,"10,132,055",0.66
547, 2021/01/26,90996,貴廣網絡,"7,016,092",0.66
2076, 2021/01/26,77456,賽微電子,"4,270,712",0.66
1456, 2021/01/26,72292,奧飛娛樂,"9,070,322",0.66
229, 2021/01/26,90420,現代製藥,"6,876,827",0.66
1248, 2021/01/26,70990,誠志股份,"8,226,839",0.65
2156, 2021/01/26,77674,宇信科技,"2,680,586",0.65
1566, 2021/01/26,72446,盛路通信,"5,992,215",0.65
1208, 2021/01/26,70918,嘉凱城,"11,896,201",0.65
243, 2021/01/26,90459,貴研鉑業,"2,878,009",0.65
1659, 2021/01/26,72595,豪邁科技,"5,277,465",0.65
1516, 2021/01/26,72376,新北洋,"4,370,254",0.65
916, 2021/01/26,93887,城地香江,"1,882,620",0.65
75, 2021/01/26,90118,中國衛星,"7,706,100",0.65
744, 2021/01/26,93060,國檢集團,"2,812,601",0.65
12, 2021/01/26,90018,上港集團,"151,121,582",0.65
88, 2021/01/26,90150,中國船舶,"8,903,798",0.64
1805, 2021/01/26,72939,長城證券,"20,046,485",0.64
679, 2021/01/26,91801,皖新傳媒,"12,859,173",0.64
935, 2021/01/26,93989,艾華集團,"2,538,579",0.64
726, 2021/01/26,91996,豐林集團,"6,953,256",0.64
725, 2021/01/26,91995,中金公司,"1,672,022",0.64
1813, 2021/01/26,72958,青農商行,"35,309,705",0.63
531, 2021/01/26,90975,新五豐,"4,120,864",0.63
555, 2021/01/26,91005,重慶鋼鐵,"53,423,964",0.63
386, 2021/01/26,90685,中船防務,"5,196,244",0.63
431, 2021/01/26,90764,中國海防,"2,658,830",0.63
1402, 2021/01/26,72217,合力泰,"19,418,534",0.62
1739, 2021/01/26,72736,國信證券,"60,477,408",0.62
347, 2021/01/26,90626,申達股份,"5,051,819",0.62
2093, 2021/01/26,77495,美尚生態,"4,215,595",0.62
951, 2021/01/26,70016,深康佳Ａ,"10,026,980",0.62
1872, 2021/01/26,77072,三聚環保,"14,641,355",0.62
1305, 2021/01/26,72063,遠光軟件,"6,892,797",0.62
1557, 2021/01/26,72434,萬里揚,"8,422,021",0.62
1170, 2021/01/26,70831,五礦稀土,"6,075,950",0.61
2106, 2021/01/26,77523,辰安科技,"1,431,223",0.61
153, 2021/01/26,90284,浦東建設,"5,926,901",0.61
814, 2021/01/26,93387,基蛋生物,"1,593,847",0.61
482, 2021/01/26,90850,華東電腦,"2,608,672",0.61
1686, 2021/01/26,72635,安潔科技,"4,310,348",0.61
1216, 2021/01/26,70931,中 關 村,"4,663,973",0.61
1259, 2021/01/26,72002,鴻達興業,"16,041,481",0.61
303, 2021/01/26,90556,天下秀,"2,149,691",0.61
1096, 2021/01/26,70676,智度股份,"7,988,432",0.6
1580, 2021/01/26,72466,天齊鋰業,"9,004,014",0.6
637, 2021/01/26,91515,東風股份,"8,029,236",0.6
362, 2021/01/26,90648,外高橋,"5,614,954",0.6
1905, 2021/01/26,77131,英唐智控,"6,523,111",0.6
1173, 2021/01/26,70839,中信國安,"23,695,153",0.6
983, 2021/01/26,70078,海王生物,"16,553,334",0.6
2124, 2021/01/26,77579,數字認證,"1,087,053",0.6
2135, 2021/01/26,77618,寒銳鈷業,"1,847,698",0.6
174, 2021/01/26,90323,瀚藍環境,"4,621,310",0.6
1299, 2021/01/26,72051,中工國際,"7,523,411",0.6
1726, 2021/01/26,72703,浙江世寶,"3,476,169",0.6
460, 2021/01/26,90811,東方集團,"22,290,617",0.6
2138, 2021/01/26,77627,華測導航,"2,022,030",0.59
1546, 2021/01/26,72423,中糧資本,"13,654,474",0.59
779, 2021/01/26,93228,景旺電子,"4,999,057",0.59
1091, 2021/01/26,70667,美好置業,"14,755,755",0.59
1234, 2021/01/26,70968,藍焰控股,"5,756,418",0.59
1461, 2021/01/26,72298,中電興發,"4,115,591",0.59
407, 2021/01/26,90728,佳都科技,"10,289,630",0.59
992, 2021/01/26,70156,華數傳媒,"11,109,823",0.59
488, 2021/01/26,90863,內蒙華電,"34,423,333",0.59
1417, 2021/01/26,72239,奧特佳,"18,375,344",0.58
1861, 2021/01/26,77053,歐比特,"4,120,326",0.58
1806, 2021/01/26,72941,新疆交通,"3,780,936",0.58
1712, 2021/01/26,72672,東江環保,"3,981,861",0.58
961, 2021/01/26,70034,神州數碼,"3,866,666",0.58
952, 2021/01/26,70019,深糧控股,"6,310,022",0.57
1741, 2021/01/26,72739,萬達電影,"12,868,816",0.57
1961, 2021/01/26,77229,拓爾思,"4,109,209",0.57
752, 2021/01/26,93108,潤達醫療,"3,307,338",0.57
1935, 2021/01/26,77183,東軟載波,"2,646,131",0.57
1338, 2021/01/26,72115,三維通信,"4,088,714",0.57
1843, 2021/01/26,77020,銀江股份,"3,786,257",0.57
1330, 2021/01/26,72100,天康生物,"6,220,423",0.57
689, 2021/01/26,91860,紫金銀行,"10,085,601",0.57
1465, 2021/01/26,72303,美盈森,"8,867,810",0.57
1669, 2021/01/26,72609,捷順科技,"3,702,911",0.57
1538, 2021/01/26,72413,雷科防務,"6,623,413",0.57
47, 2021/01/26,90073,上海梅林,"5,364,727",0.57
898, 2021/01/26,93803,瑞斯康達,"2,363,995",0.56
1223, 2021/01/26,70950,重藥控股,"9,805,967",0.56
2027, 2021/01/26,77348,長亮科技,"4,065,916",0.56
1484, 2021/01/26,72327,富安娜,"4,854,416",0.56
412, 2021/01/26,90737,中糧糖業,"11,750,409",0.55
757, 2021/01/26,93121,華培動力,"655,175",0.55
1192, 2021/01/26,70889,中嘉博創,"5,165,074",0.55
1990, 2021/01/26,77292,吳通控股,"7,017,196",0.55
2198, 2021/01/26,77775,三角防務,"2,769,135",0.55
552, 2021/01/26,91001,晉控煤業,"9,274,680",0.55
1367, 2021/01/26,72158,漢鐘精機,"2,974,800",0.55
925, 2021/01/26,93927,中科軟,"1,792,641",0.55
513, 2021/01/26,90903,貴州燃氣,"6,334,404",0.55
863, 2021/01/26,93639,海利爾,"1,291,270",0.54
1936, 2021/01/26,77184,力源信息,"6,457,459",0.54
959, 2021/01/26,70031,大悅城,"23,175,099",0.54
982, 2021/01/26,70070,特發信息,"4,485,616",0.54
688, 2021/01/26,91858,中國科傳,"4,278,137",0.54
1927, 2021/01/26,77168,萬達信息,"6,453,797",0.54
2043, 2021/01/26,77377,贏時勝,"4,076,943",0.54
1061, 2021/01/26,70597,東北製藥,"7,378,801",0.54
134, 2021/01/26,90252,中恆集團,"19,092,882",0.54
2208, 2021/01/26,77803,指南針,"2,169,922",0.53
383, 2021/01/26,90681,百川能源,"7,708,728",0.53
1188, 2021/01/26,70883,湖北能源,"35,059,854",0.53
1126, 2021/01/26,70735,羅 牛 山,"6,140,450",0.53
1215, 2021/01/26,70930,中糧科技,"9,996,515",0.53
1245, 2021/01/26,70987,越秀金控,"14,788,906",0.53
1971, 2021/01/26,77252,金信諾,"3,081,080",0.53
712, 2021/01/26,91949,中國出版,"9,786,664",0.53
578, 2021/01/26,91107,四川成渝,"11,470,367",0.53
271, 2021/01/26,90502,安徽建工,"9,262,780",0.53
937, 2021/01/26,93997,繼峰股份,"4,213,371",0.53
146, 2021/01/26,90271,航天信息,"9,984,128",0.53
1207, 2021/01/26,70917,電廣傳媒,"7,551,902",0.53
53, 2021/01/26,90085,同仁堂,"7,240,162",0.52
1758, 2021/01/26,72792,通宇通訊,"1,757,158",0.52
2196, 2021/01/26,77771,智萊科技,"841,845",0.52
1294, 2021/01/26,72045,國光電器,"2,470,174",0.52
1275, 2021/01/26,72023,海特高新,"3,961,533",0.52
2078, 2021/01/26,77458,全志科技,"1,739,021",0.52
1046, 2021/01/26,70563,陝國投Ａ,"20,715,613",0.52
1877, 2021/01/26,77079,數碼科技,"7,336,202",0.51
1198, 2021/01/26,70901,航天科技,"4,096,830",0.51
2199, 2021/01/26,77776,帝爾激光,"542,811",0.51
940, 2021/01/26,95198,"YANTAI NORTH ANDRE JUICE CO., LTD. (A #605198)","102,330",0.51
1949, 2021/01/26,77206,理邦儀器,"3,020,866",0.51
1020, 2021/01/26,70517,榮安地產,"16,416,197",0.51
1881, 2021/01/26,77085,銀之傑,"3,633,654",0.51
566, 2021/01/26,91038,一拖股份,"3,051,066",0.51
2169, 2021/01/26,77715,凱倫股份,"873,671",0.51
1350, 2021/01/26,72130,沃爾核材,"6,515,422",0.51
487, 2021/01/26,90862,中航高科,"6,984,582",0.5
813, 2021/01/26,93379,三美股份,"982,840",0.5
520, 2021/01/26,90933,愛柯迪,"4,285,208",0.5
616, 2021/01/26,91288,農業銀行,"1,488,068,429",0.5
160, 2021/01/26,90297,廣匯汽車,"40,933,010",0.5
1252, 2021/01/26,71696,宗申動力,"5,736,262",0.5
2108, 2021/01/26,77526,中潛股份,"1,032,009",0.5
1082, 2021/01/26,70650,仁和藥業,"6,912,943",0.49
737, 2021/01/26,93019,中科曙光,"6,471,037",0.49
623, 2021/01/26,91330,綠色動力,"1,253,229",0.49
1328, 2021/01/26,72097,山河智能,"5,407,304",0.49
617, 2021/01/26,91298,青島港,"9,343,068",0.49
655, 2021/01/26,91633,長城汽車,"29,693,815",0.49
2148, 2021/01/26,77659,中孚信息,"1,110,944",0.49
962, 2021/01/26,70035,中國天楹,"12,466,608",0.49
436, 2021/01/26,90775,南京熊貓,"3,294,145",0.49
421, 2021/01/26,90750,江中藥業,"3,117,505",0.49
701, 2021/01/26,91898,中煤能源,"45,573,418",0.49
2099, 2021/01/26,77504,天邑股份,"1,336,322",0.49
1734, 2021/01/26,72717,嶺南股份,"7,507,559",0.49
1413, 2021/01/26,72234,民和股份,"1,494,978",0.49
1880, 2021/01/26,77083,創世紀,"6,988,343",0.48
1790, 2021/01/26,72907,華森製藥,"1,954,051",0.48
1705, 2021/01/26,72661,克明面業,"1,639,441",0.48
2009, 2021/01/26,77318,博暉創新,"3,940,709",0.48
920, 2021/01/26,93898,好萊客,"1,495,182",0.48
2054, 2021/01/26,77401,花園生物,"2,676,276",0.48
1156, 2021/01/26,70810,創維數字,"5,122,608",0.48
1233, 2021/01/26,70967,盈峰環境,"15,445,231",0.48
883, 2021/01/26,93719,良品鋪子,"196,202",0.47
2165, 2021/01/26,77702,天宇股份,"926,795",0.47
1904, 2021/01/26,77130,新國都,"2,315,642",0.47
1631, 2021/01/26,72547,春興精工,"5,346,628",0.47
1615, 2021/01/26,72522,浙江眾成,"4,258,690",0.47
2185, 2021/01/26,77755,華致酒行,"1,982,411",0.47
1147, 2021/01/26,70795,英洛華,"5,407,320",0.47
570, 2021/01/26,91069,西部黃金,"3,025,529",0.47
1901, 2021/01/26,77123,亞光科技,"4,758,314",0.47
256, 2021/01/26,90483,福能股份,"7,252,063",0.46
1035, 2021/01/26,70544,中原環保,"4,554,856",0.46
57, 2021/01/26,90093,易見股份,"5,231,905",0.46
1708, 2021/01/26,72664,長鷹信質,"1,861,917",0.46
1575, 2021/01/26,72461,珠江啤酒,"10,251,164",0.46
1914, 2021/01/26,77145,中金環境,"8,726,126",0.45
908, 2021/01/26,93868,飛科電器,"1,985,514",0.45
1985, 2021/01/26,77284,蘇交科,"4,378,385",0.45
2176, 2021/01/26,77738,奧飛數據,"955,965",0.45
675, 2021/01/26,91789,寧波建工,"4,403,719",0.45
1603, 2021/01/26,72503,搜于特,"14,066,425",0.45
1189, 2021/01/26,70885,城發環境,"2,910,506",0.45
1618, 2021/01/26,72530,金財互聯,"3,577,963",0.45
838, 2021/01/26,93579,榮泰健康,"617,801",0.44
2154, 2021/01/26,77672,國科微,"807,367",0.44
2174, 2021/01/26,77735,光弘科技,"3,443,788",0.44
299, 2021/01/26,90548,深高速,"6,440,355",0.44
634, 2021/01/26,91398,工商銀行,"1,190,686,540",0.44
1941, 2021/01/26,77191,潛能恆信,"1,415,037",0.44
1942, 2021/01/26,77194,福安藥業,"5,243,210",0.44
450, 2021/01/26,90795,國電電力,"86,042,057",0.43
821, 2021/01/26,93456,九洲藥業,"3,498,983",0.43
1182, 2021/01/26,70875,吉電股份,"9,377,990",0.43
77, 2021/01/26,90120,浙江東方,"9,802,798",0.43
315, 2021/01/26,90572,康恩貝,"11,458,603",0.43
1628, 2021/01/26,72544,傑賽科技,"2,993,626",0.43
2047, 2021/01/26,77386,飛天誠信,"1,830,216",0.43
1551, 2021/01/26,72428,雲南鍺業,"2,848,837",0.43
1954, 2021/01/26,77219,鴻利智匯,"3,103,844",0.43
808, 2021/01/26,93360,百傲化學,"1,110,154",0.42
2168, 2021/01/26,77709,精研科技,"486,024",0.42
696, 2021/01/26,91880,大連港,"33,146,972",0.42
687, 2021/01/26,91857,中國石油,"686,855,603",0.42
1506, 2021/01/26,72364,中恆電氣,"2,388,560",0.42
2142, 2021/01/26,77634,彩訊股份,"1,708,797",0.42
2151, 2021/01/26,77663,科藍軟件,"1,321,650",0.42
521, 2021/01/26,90956,新天綠能,"568,050",0.42
1415, 2021/01/26,72237,恆邦股份,"4,935,018",0.42
90, 2021/01/26,90155,華創陽安,"7,439,008",0.42
939, 2021/01/26,95168,三人行,"71,500",0.41
886, 2021/01/26,93730,岱美股份,"2,412,845",0.41
115, 2021/01/26,90200,江蘇吳中,"2,962,457",0.41
1464, 2021/01/26,72302,西部建設,"5,280,386",0.41
1041, 2021/01/26,70555,神州信息,"4,056,998",0.41
1736, 2021/01/26,72726,龍大肉食,"4,164,067",0.41
84, 2021/01/26,90136,當代文體,"2,037,982",0.41
720, 2021/01/26,91988,中國銀行,"875,872,754",0.41
1815, 2021/01/26,72960,青鳥消防,"1,033,991",0.41
1959, 2021/01/26,77226,上海鋼聯,"791,022",0.41
2061, 2021/01/26,77423,魯億通,"2,009,772",0.4
1200, 2021/01/26,70903,雲內動力,"7,895,821",0.4
1812, 2021/01/26,72955,鴻合科技,"963,058",0.4
1339, 2021/01/26,72117,東港股份,"2,212,805",0.4
734, 2021/01/26,93012,創力集團,"2,578,366",0.4
95, 2021/01/26,90162,香江控股,"13,719,897",0.4
2109, 2021/01/26,77527,中船應急,"3,850,587",0.39
946, 2021/01/26,70006,深振業Ａ,"5,390,935",0.39
470, 2021/01/26,90828,茂業商業,"6,792,170",0.39
1090, 2021/01/26,70666,經緯紡機,"2,090,143",0.39
792, 2021/01/26,93301,振德醫療,"421,086",0.39
960, 2021/01/26,70032,深桑達A,"1,650,900",0.39
1643, 2021/01/26,72567,唐人神,"3,825,733",0.39
1488, 2021/01/26,72335,科華數據,"1,828,764",0.39
1808, 2021/01/26,72947,恆銘達,"497,495",0.39
1660, 2021/01/26,72596,海南瑞澤,"4,476,276",0.39
1498, 2021/01/26,72351,漫步者,"3,446,801",0.38
218, 2021/01/26,90398,海瀾之家,"16,697,975",0.38
1304, 2021/01/26,72061,浙江交科,"5,289,766",0.38
391, 2021/01/26,90693,東百集團,"3,497,276",0.38
250, 2021/01/26,90477,杭蕭鋼構,"8,361,418",0.38
2115, 2021/01/26,77559,佳發教育,"1,529,825",0.38
1613, 2021/01/26,72518,科士達,"2,241,487",0.38
1748, 2021/01/26,72755,奧賽康,"3,572,855",0.38
910, 2021/01/26,93876,鼎勝新材,"923,920",0.38
1388, 2021/01/26,72194,武漢凡谷,"2,583,193",0.38
1407, 2021/01/26,72226,江南化工,"4,730,155",0.37
497, 2021/01/26,90876,洛陽玻璃,"1,053,066",0.37
516, 2021/01/26,90918,中泰證券,"2,625,300",0.37
958, 2021/01/26,70030,富奧股份,"6,597,046",0.37
844, 2021/01/26,93590,康辰藥業,"308,534",0.37
816, 2021/01/26,93393,新天然氣,"1,166,132",0.37
1647, 2021/01/26,72573,清新環境,"4,030,875",0.37
613, 2021/01/26,91236,紅塔證券,"5,585,409",0.37
1599, 2021/01/26,72498,漢纜股份,"12,516,541",0.37
1621, 2021/01/26,72537,海聯金匯,"4,661,791",0.37
1152, 2021/01/26,70801,四川九洲,"3,853,574",0.37
729, 2021/01/26,93000,人民網,"4,102,208",0.37
189, 2021/01/26,90350,山東高速,"18,122,581",0.37
1226, 2021/01/26,70958,東方能源,"20,170,130",0.37
923, 2021/01/26,93916,蘇博特,"1,299,141",0.37
1823, 2021/01/26,72975,博傑股份,"502,909",0.36
2062, 2021/01/26,77427,紅相股份,"1,329,331",0.36
810, 2021/01/26,93367,辰欣藥業,"1,626,862",0.36
1290, 2021/01/26,72041,登海種業,"3,225,025",0.36
638, 2021/01/26,91519,大智慧,"7,242,291",0.36
854, 2021/01/26,93610,麒盛科技,"372,687",0.36
238, 2021/01/26,90439,瑞貝卡,"3,998,079",0.35
2204, 2021/01/26,77788,中信出版,"670,691",0.35
1368, 2021/01/26,72161,遠 望 谷,"2,590,049",0.35
614, 2021/01/26,91238,廣汽集團,"25,063,975",0.35
1801, 2021/01/26,72929,潤建股份,"759,676",0.34
162, 2021/01/26,90299,安迪蘇,"9,279,879",0.34
1219, 2021/01/26,70935,四川雙馬,"2,664,189",0.34
1014, 2021/01/26,70503,國新健康,"3,115,701",0.34
1987, 2021/01/26,77287,飛利信,"4,913,513",0.34
2194, 2021/01/26,77768,迪普科技,"1,370,340",0.34
46, 2021/01/26,90072,中船科技,"2,511,432",0.34
1937, 2021/01/26,77185,通裕重工,"10,919,137",0.33
437, 2021/01/26,90776,東方通信,"3,196,005",0.33
1784, 2021/01/26,72869,金溢科技,"601,818",0.33
202, 2021/01/26,90377,寧滬高速,"12,864,292",0.33
269, 2021/01/26,90500,中化國際,"8,817,242",0.32
343, 2021/01/26,90621,華鑫股份,"3,438,218",0.32
1099, 2021/01/26,70682,東方電子,"4,415,339",0.32
352, 2021/01/26,90635,大眾公用,"7,754,375",0.32
723, 2021/01/26,91991,大唐發電,"32,134,769",0.32
778, 2021/01/26,93225,新鳳鳴,"4,329,570",0.31
685, 2021/01/26,91828,美凱龍,"9,999,400",0.31
1463, 2021/01/26,72301,齊心集團,"2,347,832",0.31
1040, 2021/01/26,70553,安道麥A,"6,904,523",0.31
129, 2021/01/26,90236,桂冠電力,"25,140,281",0.31
2192, 2021/01/26,77766,每日互動,"1,268,870",0.31
827, 2021/01/26,93508,思維列控,"710,026",0.31
1807, 2021/01/26,72946,新乳業,"2,694,985",0.31
1676, 2021/01/26,72618,丹邦科技,"1,742,229",0.31
1699, 2021/01/26,72653,海思科,"3,338,298",0.31
399, 2021/01/26,90708,光明地產,"6,939,674",0.31
1809, 2021/01/26,72948,青島銀行,"8,257,635",0.3
621, 2021/01/26,91326,秦港股份,"14,671,487",0.3
2190, 2021/01/26,77763,錦浪科技,"441,006",0.3
773, 2021/01/26,93197,保隆科技,"495,488",0.3
149, 2021/01/26,90277,億利潔能,"8,289,991",0.3
1315, 2021/01/26,72079,SUZHOU GOOD-A+A,"2,319,614",0.3
818, 2021/01/26,93421,鼎信通訊,"1,989,069",0.3
2069, 2021/01/26,77441,鮑斯股份,"2,023,096",0.3
1919, 2021/01/26,77151,昌紅科技,"1,513,487",0.3
954, 2021/01/26,70025,特力Ａ,"1,195,818",0.3
2029, 2021/01/26,77352,北信源,"4,454,204",0.3
17, 2021/01/26,90025,華能水電,"54,992,429",0.3
373, 2021/01/26,90663,陸家嘴,"9,093,441",0.3
2011, 2021/01/26,77322,碩貝德,"1,427,182",0.3
562, 2021/01/26,91018,寧波港,"40,619,858",0.3
2053, 2021/01/26,77398,飛凱材料,"1,506,695",0.29
1895, 2021/01/26,77114,中航電測,"1,761,866",0.29
1912, 2021/01/26,77143,盈康生命,"1,922,136",0.29
1996, 2021/01/26,77299,富春股份,"2,035,330",0.29
2129, 2021/01/26,77602,飛榮達,"1,479,981",0.29
1721, 2021/01/26,72695,煌上煌,"1,513,625",0.29
1548, 2021/01/26,72425,凱撒文化,"2,410,854",0.29
2090, 2021/01/26,77485,賽升藥業,"1,372,853",0.28
525, 2021/01/26,90965,福成股份,"2,309,713",0.28
226, 2021/01/26,90415,小商品城,"15,733,962",0.28
30, 2021/01/26,90050,中國聯通,"85,836,919",0.28
1022, 2021/01/26,70519,中兵紅箭,"3,909,461",0.28
1285, 2021/01/26,72034,旺能環境,"1,174,620",0.27
1204, 2021/01/26,70912,瀘天化,"4,244,573",0.27
728, 2021/01/26,91998,中信銀行,"94,913,283",0.27
1760, 2021/01/26,72796,世嘉科技,"686,147",0.27
1581, 2021/01/26,72467,二六三,"3,802,848",0.27
1707, 2021/01/26,72663,普邦股份,"5,013,253",0.27
1698, 2021/01/26,72651,利君股份,"2,847,252",0.27
1479, 2021/01/26,72320,海峽股份,"4,082,975",0.27
307, 2021/01/26,90562,國睿科技,"1,761,605",0.26
1399, 2021/01/26,72214,大立科技,"1,220,586",0.26
2052, 2021/01/26,77397,天和防務,"1,135,616",0.26
2111, 2021/01/26,77531,優博訊,"845,081",0.26
1269, 2021/01/26,72016,世榮兆業,"2,147,233",0.26
1828, 2021/01/26,72985,北摩高科,"397,453",0.26
1666, 2021/01/26,72605,姚記科技,"1,068,444",0.26
957, 2021/01/26,70029,深深房Ａ,"2,354,023",0.26
1744, 2021/01/26,72746,仙壇股份,"1,507,381",0.26
1759, 2021/01/26,72793,羅欣藥業,"3,824,194",0.26
1268, 2021/01/26,72015,協鑫能科,"3,545,849",0.26
1974, 2021/01/26,77256,星星科技,"2,489,011",0.25
1004, 2021/01/26,70413,東旭光電,"14,175,036",0.25
874, 2021/01/26,93687,大勝達,"359,286",0.25
453, 2021/01/26,90802,福建水泥,"1,186,809",0.25
123, 2021/01/26,90221,海航控股,"41,250,382",0.25
1802, 2021/01/26,72930,宏川智慧,"1,074,258",0.24
124, 2021/01/26,90223,魯商發展,"2,516,693",0.24
1752, 2021/01/26,72768,國恩股份,"658,130",0.24
1792, 2021/01/26,72911,佛燃能源,"1,342,046",0.24
287, 2021/01/26,90526,菲達環保,"1,343,592",0.24
2083, 2021/01/26,77468,四方精創,"682,542",0.24
1803, 2021/01/26,72936,鄭州銀行,"13,979,920",0.23
678, 2021/01/26,91800,中國交建,"27,743,907",0.23
1559, 2021/01/26,72436,興森科技,"3,481,283",0.23
1632, 2021/01/26,72550,千紅製藥,"3,002,135",0.23
2182, 2021/01/26,77748,金力永磁,"967,167",0.23
1889, 2021/01/26,77101,振芯科技,"1,333,213",0.23
597, 2021/01/26,91186,中國鐵建,"27,357,041",0.23
2113, 2021/01/26,77552,萬集科技,"473,919",0.23
2125, 2021/01/26,77590,移為通信,"533,686",0.22
2188, 2021/01/26,77761,立華股份,"905,410",0.22
214, 2021/01/26,90393,粵泰股份,"2,183,038",0.22
377, 2021/01/26,90668,尖峰集團,"784,324",0.22
32, 2021/01/26,90054,黃山旅遊,"1,143,780",0.22
1929, 2021/01/26,77171,東富龍,"1,439,943",0.22
302, 2021/01/26,90552,凱盛科技,"1,705,654",0.22
1475, 2021/01/26,72314,南山控股,"6,214,840",0.22
1385, 2021/01/26,72190,成飛集成,"794,860",0.22
78, 2021/01/26,90122,*ST宏圖,"2,617,303",0.22
2107, 2021/01/26,77525,博思軟件,"633,018",0.22
534, 2021/01/26,90978,*ST宜生,"3,343,553",0.22
1848, 2021/01/26,77031,寶通科技,"894,065",0.22
1449, 2021/01/26,72280,聯絡互動,"4,966,295",0.22
654, 2021/01/26,91628,中國人壽,"46,440,652",0.22
1966, 2021/01/26,77238,冠昊生物,"559,740",0.21
1674, 2021/01/26,72616,長青集團,"1,628,904",0.21
1788, 2021/01/26,72901,大博醫療,"866,288",0.21
1107, 2021/01/26,70700,模塑科技,"1,933,620",0.21
664, 2021/01/26,91696,中銀證券,"602,754",0.21
544, 2021/01/26,90990,四創電子,"343,822",0.21
296, 2021/01/26,90545,卓郎智能,"4,039,712",0.21
519, 2021/01/26,90928,西安銀行,"2,504,673",0.21
501, 2021/01/26,90884,杉杉股份,"3,454,920",0.21
181, 2021/01/26,90335,國機汽車,"2,227,803",0.21
1369, 2021/01/26,72163,海南發展,"1,745,634",0.21
1340, 2021/01/26,72118,紫鑫藥業,"2,773,482",0.21
1391, 2021/01/26,72201,九鼎新材,"715,375",0.21
1256, 2021/01/26,71965,招商公路,"13,103,409",0.21
1047, 2021/01/26,70564,供銷大集,"12,758,171",0.21
413, 2021/01/26,90738,蘭州民百,"1,559,274",0.21
374, 2021/01/26,90664,哈藥股份,"5,202,475",0.2
288, 2021/01/26,90527,江南高纖,"3,481,754",0.2
411, 2021/01/26,90736,蘇州高新,"2,319,403",0.2
1175, 2021/01/26,70851,高鴻股份,"1,863,468",0.2
429, 2021/01/26,90761,安徽合力,"1,545,084",0.2
1886, 2021/01/26,77098,高新興,"3,684,559",0.2
871, 2021/01/26,93680,今創集團,"506,131",0.2
2112, 2021/01/26,77548,博創科技,"302,921",0.2
1106, 2021/01/26,70697,煉石航空,"1,282,455",0.19
167, 2021/01/26,90310,桂東電力,"1,625,006",0.19
590, 2021/01/26,91158,重慶水務,"9,305,585",0.19
2133, 2021/01/26,77613,富瀚微,"153,852",0.19
1829, 2021/01/26,73816,中國廣核,"75,825,249",0.19
1301, 2021/01/26,72055,得潤電子,"921,646",0.19
1560, 2021/01/26,72437,譽衡藥業,"4,311,444",0.19
1794, 2021/01/26,72913,奧士康,"281,324",0.19
293, 2021/01/26,90535,天士力,"2,996,940",0.19
1334, 2021/01/26,72108,滄州明珠,"2,768,045",0.19
1629, 2021/01/26,72545,東方鐵塔,"2,400,608",0.19
671, 2021/01/26,91766,中國中車,"46,727,309",0.19
255, 2021/01/26,90482,中國動力,"1,716,303",0.19
1999, 2021/01/26,77303,聚飛光電,"2,491,397",0.19
1729, 2021/01/26,72707,眾信旅遊,"1,710,024",0.18
1447, 2021/01/26,72277,友阿股份,"2,519,294",0.18
972, 2021/01/26,70058,深 賽 格,"1,871,698",0.18
1923, 2021/01/26,77158,振東製藥,"1,922,050",0.18
1775, 2021/01/26,72838,道恩股份,"755,897",0.18
1164, 2021/01/26,70823,超聲電子,"932,365",0.17
276, 2021/01/26,90510,黑牡丹,"1,868,092",0.17
1824, 2021/01/26,72977,天箭科技,"123,881",0.17
2163, 2021/01/26,77696,愛樂達,"312,952",0.17
1530, 2021/01/26,72400,省廣集團,"3,034,401",0.17
1908, 2021/01/26,77134,大富科技,"1,370,070",0.17
1197, 2021/01/26,70900,現代投資,"2,586,779",0.17
867, 2021/01/26,93660,蘇州科達,"866,202",0.17
1421, 2021/01/26,72243,通產麗星,"2,036,218",0.16
1998, 2021/01/26,77302,同有科技,"788,667",0.16
1810, 2021/01/26,72950,奧美醫療,"1,046,988",0.16
492, 2021/01/26,90871,石化油服,"22,912,093",0.16
978, 2021/01/26,70065,北方國際,"1,289,152",0.16
2122, 2021/01/26,77576,容大感光,"253,031",0.16
1253, 2021/01/26,71872,招商港口,"2,876,919",0.16
270, 2021/01/26,90501,航天晨光,"674,361",0.16
1168, 2021/01/26,70829,天音控股,"1,714,839",0.16
345, 2021/01/26,90623,華誼集團,"2,796,810",0.15
1997, 2021/01/26,77300,海峽創新,"1,029,396",0.15
942, 2021/01/26,95222,起帆電纜,"75,647",0.15
314, 2021/01/26,90571,信雅達,"676,245",0.15
1372, 2021/01/26,72169,智光電氣,"1,234,358",0.15
286, 2021/01/26,90525,長園集團,"1,965,654",0.15
636, 2021/01/26,91512,中新集團,"1,213,140",0.15
385, 2021/01/26,90684,珠江實業,"1,308,493",0.15
1149, 2021/01/26,70797,中國武夷,"2,513,244",0.15
486, 2021/01/26,90860,*ST京城,"507,975",0.15
1084, 2021/01/26,70652,泰達股份,"2,246,155",0.15
212, 2021/01/26,90391,航發科技,"517,350",0.15
1940, 2021/01/26,77190,維爾利,"1,103,748",0.14
1068, 2021/01/26,70612,焦作萬方,"1,681,561",0.14
1135, 2021/01/26,70766,通化金馬,"1,353,457",0.14
395, 2021/01/26,90702,舍得酒業,"493,966",0.14
1649, 2021/01/26,72577,雷柏科技,"401,933",0.14
594, 2021/01/26,91168,西部礦業,"3,455,919",0.14
1924, 2021/01/26,77159,新研股份,"2,222,529",0.14
2063, 2021/01/26,77428,四通新材,"853,889",0.14
941, 2021/01/26,95199,葫蘆娃,"59,500",0.14
1373, 2021/01/26,72170,芭田股份,"1,291,760",0.14
2177, 2021/01/26,77739,明陽電路,"400,232",0.14
65, 2021/01/26,90106,重慶路橋,"1,843,320",0.13
1002, 2021/01/26,70403,雙林生物,"654,513",0.13
1519, 2021/01/26,72383,合眾思壯,"985,211",0.13
500, 2021/01/26,90881,亞泰集團,"4,382,280",0.13
515, 2021/01/26,90917,重慶燃氣,"2,073,017",0.13
2075, 2021/01/26,77455,康拓紅外,"1,003,876",0.13
750, 2021/01/26,93103,橫店影視,"849,003",0.13
1627, 2021/01/26,72543,萬和電氣,"1,007,002",0.13
2211, 2021/01/26,77821,東岳矽材,"1,611,188",0.13
2152, 2021/01/26,77664,鵬鷂環保,"960,839",0.13
765, 2021/01/26,93165,榮晟環保,"334,117",0.13
262, 2021/01/26,90490,鵬欣資源,"2,324,317",0.13
1153, 2021/01/26,70802,北京文化,"921,764",0.12
483, 2021/01/26,90856,*ST中天,"1,717,956",0.12
1651, 2021/01/26,72582,好想你,"650,100",0.12
1454, 2021/01/26,72287,奇正藏藥,"650,132",0.12
228, 2021/01/26,90418,江淮汽車,"2,339,197",0.12
1874, 2021/01/26,77075,數字政通,"584,665",0.12
1878, 2021/01/26,77080,易成新能,"2,629,615",0.12
64, 2021/01/26,90105,永鼎股份,"1,743,030",0.12
1977, 2021/01/26,77263,隆華科技,"1,151,173",0.12
2118, 2021/01/26,77570,太辰光,"294,147",0.12
1825, 2021/01/26,72978,安寧股份,"481,879",0.12
1786, 2021/01/26,72880,衛光生物,"201,180",0.12
2016, 2021/01/26,77328,宜安科技,"832,156",0.12
629, 2021/01/26,91369,陝鼓動力,"1,955,712",0.11
1943, 2021/01/26,77197,鐵漢生態,"2,627,384",0.11
553, 2021/01/26,91002,晉億實業,"975,520",0.11
684, 2021/01/26,91827,三峰環境,"439,389",0.11
363, 2021/01/26,90649,城投控股,"2,847,654",0.11
2147, 2021/01/26,77657,弘信電子,"394,181",0.11
2146, 2021/01/26,77655,晶瑞股份,"220,778",0.11
1944, 2021/01/26,77199,翰宇藥業,"1,065,128",0.11
1081, 2021/01/26,70639,西王食品,"1,191,528",0.11
1847, 2021/01/26,77027,華誼兄弟,"3,090,634",0.11
1855, 2021/01/26,77039,上海凱寶,"1,150,660",0.11
1863, 2021/01/26,77055,萬邦達,"983,305",0.11
1816, 2021/01/26,72961,瑞達期貨,"502,025",0.11
1953, 2021/01/26,77215,電科院,"884,902",0.11
749, 2021/01/26,93098,森特股份,"512,396",0.1
802, 2021/01/26,93339,四方科技,"315,130",0.1
1570, 2021/01/26,72450,*ST康得,"3,799,230",0.1
891, 2021/01/26,93773,沃格光電,"64,822",0.1
1969, 2021/01/26,77248,新開普,"488,339",0.1
99, 2021/01/26,90169,太原重工,"2,616,502",0.1
1145, 2021/01/26,70792,*ST鹽湖,"5,652,996",0.1
1931, 2021/01/26,77177,中海達,"735,172",0.1
1706, 2021/01/26,72662,京威股份,"1,617,948",0.1
1973, 2021/01/26,77255,常山藥業,"972,178",0.1
2068, 2021/01/26,77439,美康生物,"347,858",0.1
225, 2021/01/26,90410,華勝天成,"1,173,683",0.1
190, 2021/01/26,90351,亞寶藥業,"797,372",0.1
139, 2021/01/26,90259,廣晟有色,"306,600",0.1
926, 2021/01/26,93929,亞翔集成,"232,849",0.1
840, 2021/01/26,93585,蘇利股份,"184,372",0.1
1858, 2021/01/26,77045,華力創通,"667,879",0.1
1503, 2021/01/26,72358,森源電氣,"985,333",0.1
990, 2021/01/26,70150,宜華健康,"954,727",0.1
158, 2021/01/26,90292,遠達環保,"829,738",0.1
949, 2021/01/26,70011,深物業A,"529,599",0.1
1677, 2021/01/26,72619,艾格拉斯,"1,735,843",0.09
880, 2021/01/26,93711,香飄飄,"375,099",0.09
404, 2021/01/26,90718,東軟集團,"1,161,280",0.09
418, 2021/01/26,90743,華遠地產,"2,245,938",0.09
1423, 2021/01/26,72245,蔚藍鋰芯,"924,845",0.09
375, 2021/01/26,90666,ST瑞德,"751,867",0.09
1292, 2021/01/26,72043,兔 寶 寶,"704,755",0.09
327, 2021/01/26,90594,益佰製藥,"723,564",0.09
41, 2021/01/26,90064,南京高科,"1,159,414",0.09
2212, 2021/01/26,77829,金丹科技,"104,464",0.09
323, 2021/01/26,90586,金晶科技,"1,409,929",0.09
1116, 2021/01/26,70719,中原傳媒,"942,178",0.09
653, 2021/01/26,91619,嘉澤新能,"1,970,288",0.09
102, 2021/01/26,90172,黃河旋風,"1,187,929",0.09
254, 2021/01/26,90481,雙良節能,"1,482,577",0.09
1947, 2021/01/26,77204,舒泰神,"474,871",0.09
103, 2021/01/26,90173,臥龍地產,"689,582",0.09
2203, 2021/01/26,77785,值得買,"87,019",0.09
463, 2021/01/26,90818,中路股份,"218,722",0.09
252, 2021/01/26,90479,千金藥業,"393,122",0.09
2207, 2021/01/26,77799,左江科技,"93,014",0.09
708, 2021/01/26,91928,鳳凰傳媒,"2,386,844",0.09
114, 2021/01/26,90197,伊力特,"453,067",0.09
869, 2021/01/26,93669,靈康藥業,"707,563",0.09
1626, 2021/01/26,72542,中化岩土,"1,487,074",0.08
1602, 2021/01/26,72502,*ST鼎龍,"704,125",0.08
361, 2021/01/26,90645,中源協和,"350,201",0.08
337, 2021/01/26,90613,神奇製藥,"398,145",0.08
1590, 2021/01/26,72482,廣田集團,"1,273,283",0.08
1078, 2021/01/26,70631,順發恆業,"2,011,185",0.08
1610, 2021/01/26,72515,金字火腿,"842,811",0.08
1444, 2021/01/26,72274,華昌化工,"784,220",0.08
738, 2021/01/26,93025,大豪科技,"761,702",0.08
1979, 2021/01/26,77267,爾康製藥,"1,676,979",0.08
364, 2021/01/26,90650,錦江投資,"337,569",0.08
2130, 2021/01/26,77603,立昂技術,"377,408",0.08
52, 2021/01/26,90081,東風科技,"260,608",0.08
467, 2021/01/26,90825,新華傳媒,"888,826",0.08
185, 2021/01/26,90343,航天動力,"535,571",0.08
1270, 2021/01/26,72017,東信和平,"399,279",0.08
963, 2021/01/26,70036,華聯控股,"1,324,051",0.08
965, 2021/01/26,70040,東旭藍天,"1,239,990",0.08
142, 2021/01/26,90266,城建發展,"1,820,285",0.08
240, 2021/01/26,90449,寧夏建材,"400,777",0.08
1214, 2021/01/26,70928,中鋼國際,"1,016,149",0.08
40, 2021/01/26,90063,皖維高新,"1,551,641",0.08
472, 2021/01/26,90830,香溢融通,"370,114",0.08
131, 2021/01/26,90239,雲南城投,"1,386,781",0.08
1179, 2021/01/26,70861,海印股份,"1,889,429",0.08
1167, 2021/01/26,70828,東莞控股,"894,102",0.08
289, 2021/01/26,90528,中鐵工業,"1,981,684",0.08
2048, 2021/01/26,77388,節能國禎,"578,972",0.08
1332, 2021/01/26,72104,恆寶股份,"564,288",0.08
2057, 2021/01/26,77409,道氏技術,"387,508",0.08
265, 2021/01/26,90496,精工鋼構,"1,356,225",0.08
272, 2021/01/26,90503,華麗家族,"1,427,449",0.08
461, 2021/01/26,90814,杭州解百,"626,203",0.08
266, 2021/01/26,90497,馳宏鋅鍺,"4,199,485",0.08
984, 2021/01/26,70088,鹽 田 港,"1,658,950",0.07
1893, 2021/01/26,77110,華仁藥業,"857,117",0.07
403, 2021/01/26,90717,天津港,"1,695,706",0.07
1435, 2021/01/26,72261,拓維信息,"853,492",0.07
477, 2021/01/26,90838,上海九百,"280,770",0.07
505, 2021/01/26,90888,新疆眾和,"659,080",0.07
742, 2021/01/26,93053,成都燃氣,"429,027",0.07
1400, 2021/01/26,72215,諾 普 信,"681,350",0.07
2012, 2021/01/26,77323,華燦光電,"946,929",0.07
74, 2021/01/26,90116,三峽水利,"695,304",0.07
667, 2021/01/26,91700,風範股份,"885,017",0.07
1206, 2021/01/26,70915,山大華特,"174,560",0.07
876, 2021/01/26,93698,航天工程,"392,615",0.07
1187, 2021/01/26,70882,華聯股份,"2,147,873",0.07
235, 2021/01/26,90435,北方導航,"1,076,895",0.07
120, 2021/01/26,90211,西藏藥業,"197,408",0.07
268, 2021/01/26,90499,科達潔能,"1,148,883",0.07
596, 2021/01/26,91179,中國西電,"3,728,775",0.07
605, 2021/01/26,91218,吉鑫科技,"706,071",0.07
143, 2021/01/26,90267,海正藥業,"720,925",0.07
2031, 2021/01/26,77355,蒙草生態,"1,185,718",0.07
317, 2021/01/26,90578,京能電力,"4,896,456",0.07
2025, 2021/01/26,77346,南大光電,"312,925",0.07
1120, 2021/01/26,70726,魯 泰Ａ,"415,006",0.07
253, 2021/01/26,90480,凌雲股份,"584,532",0.07
1609, 2021/01/26,72512,達華智能,"845,366",0.07
1117, 2021/01/26,70720,新能泰山,"930,841",0.07
332, 2021/01/26,90601,方正科技,"1,715,472",0.07
1445, 2021/01/26,72275,桂林三金,"436,196",0.07
584, 2021/01/26,91126,四方股份,"617,857",0.07
1988, 2021/01/26,77288,朗瑪信息,"246,306",0.07
1439, 2021/01/26,72267,陝天然氣,"807,605",0.07
61, 2021/01/26,90100,同方股份,"2,314,965",0.07
762, 2021/01/26,93156,養元飲品,"510,188",0.06
1827, 2021/01/26,72982,湘佳股份,"66,096",0.06
456, 2021/01/26,90805,悅達投資,"527,729",0.06
1048, 2021/01/26,70567,海德股份,"398,465",0.06
473, 2021/01/26,90831,廣電網絡,"475,501",0.06
43, 2021/01/26,90067,冠城大通,"973,373",0.06
381, 2021/01/26,90676,交運股份,"714,398",0.06
247, 2021/01/26,90468,百利電氣,"673,979",0.06
280, 2021/01/26,90517,國網英大,"1,166,824",0.06
163, 2021/01/26,90300,維維股份,"1,067,281",0.06
704, 2021/01/26,91908,京運通,"1,211,352",0.06
1504, 2021/01/26,72359,*ST北訊,"751,281",0.06
2119, 2021/01/26,77571,平治信息,"78,649",0.06
558, 2021/01/26,91010,文峰股份,"1,129,119",0.06
145, 2021/01/26,90269,贛粵高速,"1,575,494",0.06
208, 2021/01/26,90386,北巴傳媒,"497,355",0.06
2005, 2021/01/26,77314,戴維醫療,"182,500",0.06
137, 2021/01/26,90257,大湖股份,"286,937",0.05
608, 2021/01/26,91226,華電重工,"615,374",0.05
763, 2021/01/26,93157,*ST拉夏,"81,190",0.05
1678, 2021/01/26,72621,美吉姆,"464,852",0.05
1280, 2021/01/26,72029,七 匹 狼,"427,769",0.05
234, 2021/01/26,90433,冠豪高新,"677,041",0.05
2206, 2021/01/26,77793,佳禾智能,"146,229",0.05
649, 2021/01/26,91608,中信重工,"2,301,869",0.05
1213, 2021/01/26,70926,福星股份,"531,891",0.05
583, 2021/01/26,91118,海南橡膠,"2,315,703",0.05
11, 2021/01/26,90017,日照港,"1,699,004",0.05
1318, 2021/01/26,72082,萬邦德,"360,478",0.05
402, 2021/01/26,90716,鳳凰股份,"543,120",0.05
355, 2021/01/26,90638,新黃浦,"379,117",0.05
350, 2021/01/26,90633,浙數文化,"666,047",0.05
348, 2021/01/26,90628,新世界,"331,057",0.05
1633, 2021/01/26,72551,尚榮醫療,"429,204",0.05
2023, 2021/01/26,77342,天銀機電,"232,453",0.05
1352, 2021/01/26,72135,東南網架,"581,820",0.05
435, 2021/01/26,90773,西藏城投,"413,036",0.05
2034, 2021/01/26,77363,博騰股份,"321,430",0.05
83, 2021/01/26,90135,樂凱膠片,"222,166",0.05
295, 2021/01/26,90537,億晶光電,"631,391",0.05
96, 2021/01/26,90166,福田汽車,"3,383,301",0.05
540, 2021/01/26,90986,浙文互聯,"764,959",0.05
264, 2021/01/26,90495,晉西車軸,"644,810",0.05
698, 2021/01/26,91886,江河集團,"670,984",0.05
523, 2021/01/26,90959,江蘇有線,"1,850,694",0.04
768, 2021/01/26,93169,蘭石重裝,"492,394",0.04
532, 2021/01/26,90976,健民集團,"71,600",0.04
709, 2021/01/26,91929,吉視傳媒,"1,386,977",0.04
1820, 2021/01/26,72969,嘉美包裝,"416,929",0.04
767, 2021/01/26,93168,莎普愛思,"161,224",0.04
301, 2021/01/26,90551,時代出版,"247,978",0.04
338, 2021/01/26,90614,*ST鵬起,"749,936",0.04
217, 2021/01/26,90397,安源煤業,"489,383",0.04
157, 2021/01/26,90291,西水股份,"531,588",0.04
372, 2021/01/26,90662,強生控股,"513,013",0.04
2082, 2021/01/26,77467,迅游科技,"97,659",0.04
2033, 2021/01/26,77359,全通教育,"296,906",0.04
79, 2021/01/26,90123,蘭花科創,"483,639",0.04
76, 2021/01/26,90119,ST長投,"130,051",0.04
1039, 2021/01/26,70552,靖遠煤電,"1,047,025",0.04
1121, 2021/01/26,70727,*ST東科,"2,024,135",0.04
1916, 2021/01/26,77147,香雪製藥,"290,006",0.04
448, 2021/01/26,90790,輕紡城,"669,512",0.04
55, 2021/01/26,90088,中視傳媒,"189,696",0.04
2191, 2021/01/26,77765,新諾威,"207,367",0.04
2095, 2021/01/26,77497,"JIANGXI FUSHINE PHARMACEUTICAL CO.,LTD. (A #300497)","258,237",0.04
491, 2021/01/26,90869,遠東股份,"1,045,378",0.04
1528, 2021/01/26,72398,壘知集團,"356,926",0.04
220, 2021/01/26,90400,紅豆股份,"1,012,533",0.03
1511, 2021/01/26,72370,亞太藥業,"173,831",0.03
227, 2021/01/26,90416,*ST湘電,"358,882",0.03
233, 2021/01/26,90428,中遠海特,"850,949",0.03
135, 2021/01/26,90255,*ST鑫科,"574,897",0.03
1494, 2021/01/26,72344,海寧皮城,"465,519",0.03
177, 2021/01/26,90327,大東方,"319,061",0.03
170, 2021/01/26,90316,洪都航空,"260,546",0.03
92, 2021/01/26,90158,中體產業,"206,381",0.03
70, 2021/01/26,90112,ST天成,"192,779",0.03
60, 2021/01/26,90098,廣州發展,"1,031,956",0.03
794, 2021/01/26,93306,華懋科技,"121,637",0.03
26, 2021/01/26,90037,歌華有線,"453,975",0.03
2209, 2021/01/26,77805,電聲股份,"140,200",0.03
2210, 2021/01/26,77815,玉禾田,"53,053",0.03
931, 2021/01/26,93979,金誠信,"191,567",0.03
1409, 2021/01/26,72228,合興包裝,"482,796",0.03
546, 2021/01/26,90995,文山電力,"160,211",0.03
919, 2021/01/26,93897,長城科技,"18,056",0.03
257, 2021/01/26,90485,*ST信威,"628,734",0.03
966, 2021/01/26,70042,中洲控股,"251,176",0.03
281, 2021/01/26,90518,ST康美,"1,364,139",0.03
1716, 2021/01/26,72678,珠江鋼琴,"427,208",0.03
499, 2021/01/26,90880,博瑞傳播,"431,226",0.03
312, 2021/01/26,90568,*ST中珠,"506,541",0.03
425, 2021/01/26,90757,長江傳媒,"418,381",0.03
1826, 2021/01/26,72980,華盛昌,"42,137",0.03
1080, 2021/01/26,70636,風華高科,"272,169",0.03
449, 2021/01/26,90794,保稅科技,"389,814",0.03
1704, 2021/01/26,72659,凱文教育,"212,527",0.03
366, 2021/01/26,90654,*ST中安,"227,831",0.03
524, 2021/01/26,90963,岳陽林紙,"623,650",0.03
478, 2021/01/26,90839,四川長虹,"1,457,327",0.03
242, 2021/01/26,90458,時代新材,"209,036",0.02
36, 2021/01/26,90059,古越龍山,"217,608",0.02
24, 2021/01/26,90033,福建高速,"822,491",0.02
755, 2021/01/26,93116,紅蜻蜓,"117,546",0.02
16, 2021/01/26,90023,浙能電力,"3,972,260",0.02
758, 2021/01/26,93126,中材節能,"131,838",0.02
112, 2021/01/26,90195,中牧股份,"216,422",0.02
444, 2021/01/26,90783,魯信創投,"184,456",0.02
581, 2021/01/26,91116,三江購物,"112,289",0.02
599, 2021/01/26,91199,江南水務,"251,037",0.02
125, 2021/01/26,90226,*ST瀚葉,"531,552",0.02
127, 2021/01/26,90231,凌鋼股份,"619,386",0.02
409, 2021/01/26,90730,中國高科,"159,935",0.02
165, 2021/01/26,90307,酒鋼宏興,"1,598,608",0.02
1978, 2021/01/26,77266,興源環境,"319,072",0.02
186, 2021/01/26,90345,長江通信,"49,492",0.02
2104, 2021/01/26,77516,久之洋,"40,214",0.02
2065, 2021/01/26,77432,富臨精工,"204,123",0.02
512, 2021/01/26,90901,江蘇租賃,"466,206",0.02
1811, 2021/01/26,72951,金時科技,"83,349",0.02
2213, 2021/01/26,77999,金龍魚,"1,356,800",0.02
1319, 2021/01/26,72083,孚日股份,"193,740",0.02
1010, 2021/01/26,70429,粵高速Ａ,"353,915",0.02
877, 2021/01/26,93699,紐威股份,"160,746",0.02
1719, 2021/01/26,72685,華東重機,"202,505",0.02
1655, 2021/01/26,72588,史丹利,"322,107",0.02
1612, 2021/01/26,72517,愷英網絡,"570,906",0.02
845, 2021/01/26,93595,東尼電子,"39,865",0.02
1089, 2021/01/26,70665,湖北廣電,"288,522",0.02
1554, 2021/01/26,72431,棕櫚股份,"317,991",0.02
1159, 2021/01/26,70816,智慧農業,"364,873",0.02
1171, 2021/01/26,70836,富通信息,"302,096",0.02
1242, 2021/01/26,70980,*ST眾泰,"510,527",0.02
1501, 2021/01/26,72354,*ST天娛,"333,370",0.02
1470, 2021/01/26,72309,中利集團,"208,759",0.02
1555, 2021/01/26,72432,九安醫療,"100,500",0.02
1327, 2021/01/26,72095,生 意 寶,"71,638",0.02
795, 2021/01/26,93308,應流股份,"143,914",0.02
1396, 2021/01/26,72208,合肥城建,"240,538",0.02
782, 2021/01/26,93239,浙江仙通,"73,104",0.02
1024, 2021/01/26,70525,紅 太 陽,"62,783",0.01
1989, 2021/01/26,77291,華錄百納,"124,148",0.01
1071, 2021/01/26,70617,中油資本,"2,418,197",0.01
35, 2021/01/26,90058,五礦發展,"118,659",0.01
371, 2021/01/26,90661,昂立教育,"53,076",0.01
388, 2021/01/26,90687,退市剛泰,"229,774",0.01
1620, 2021/01/26,72532,天山鋁業,"905,743",0.01
1634, 2021/01/26,72552,寶鼎科技,"47,634",0.01
1031, 2021/01/26,70539,粵電力Ａ,"648,060",0.01
439, 2021/01/26,90778,友好集團,"54,000",0.01
1028, 2021/01/26,70536,*ST華映,"406,147",0.01
466, 2021/01/26,90824,益民集團,"118,051",0.01
66, 2021/01/26,90108,亞盛集團,"268,448",0.01
471, 2021/01/26,90829,人民同泰,"77,414",0.01
474, 2021/01/26,90833,第一醫藥,"23,600",0.01
1387, 2021/01/26,72192,*ST融捷,"31,647",0.01
1012, 2021/01/26,70498,山東路橋,"233,322",0.01
1403, 2021/01/26,72221,東華能源,"312,190",0.01
484, 2021/01/26,90858,銀座股份,"92,332",0.01
1668, 2021/01/26,72608,江蘇國信,"559,716",0.01
494, 2021/01/26,90873,梅花生物,"579,475",0.01
548, 2021/01/26,90997,開灤股份,"161,808",0.01
59, 2021/01/26,90096,雲天化,"203,687",0.01
346, 2021/01/26,90624,復旦復華,"106,136",0.01
111, 2021/01/26,90190,錦州港,"268,304",0.01
1452, 2021/01/26,72284,亞太股份,"121,076",0.01
151, 2021/01/26,90280,*ST中商,"124,181",0.01
155, 2021/01/26,90289,*ST信通,"69,611",0.01
1480, 2021/01/26,72322,理工環科,"51,011",0.01
1491, 2021/01/26,72341,新綸科技,"147,761",0.01
200, 2021/01/26,90375,漢馬科技,"74,101",0.01
222, 2021/01/26,90405,動力源,"88,652",0.01
98, 2021/01/26,90168,武漢控股,"94,920",0.01
1517, 2021/01/26,72378,章源鎢業,"175,442",0.01
1225, 2021/01/26,70957,中通客車,"97,885",0.01
1526, 2021/01/26,72393,力生製藥,"19,109",0.01
1550, 2021/01/26,72427,ST尤夫,"57,200",0.01
1103, 2021/01/26,70687,*ST 華訊,"143,737",0.01
278, 2021/01/26,90513,聯環藥業,"48,781",0.01
91, 2021/01/26,90157,ST永泰,"2,654,742",0.01
72, 2021/01/26,90114,東睦股份,"96,717",0.01
904, 2021/01/26,93848,好太太,"42,407",0.01
2038, 2021/01/26,77367,ST網力,"189,698",0.01
1142, 2021/01/26,70785,居然之家,"1,212,929",0.01
1134, 2021/01/26,70762,西藏礦業,"64,664",0.01
333, 2021/01/26,90604,市北高新,"253,708",0.01
340, 2021/01/26,90617,國新能源,"133,104",0.01
1588, 2021/01/26,72480,新築股份,"127,504",0.01
577, 2021/01/26,91106,中國一重,"898,535",0.01
353, 2021/01/26,90636,國新文化,"47,878",0.01
889, 2021/01/26,93757,大元泵業,"19,095",0.01
1750, 2021/01/26,72761,多喜愛,"163,950",0.01
731, 2021/01/26,93005,晶方科技,"48,140",0.01
732, 2021/01/26,93007,花王股份,"41,418",0.01
601, 2021/01/26,91208,東材科技,"113,050",0.01
1717, 2021/01/26,72681,*ST奮達,"184,883",0.01
837, 2021/01/26,93569,長久物流,"73,065",0.01
747, 2021/01/26,93080,新疆火炬,"20,598",0.01
1746, 2021/01/26,72751,易尚展示,"18,000",0.01
1733, 2021/01/26,72716,*ST金貴,"305,177",0.01
585, 2021/01/26,91127,小康股份,"121,305",0.01
771, 2021/01/26,93188,ST亞邦,"99,172",0.01
248, 2021/01/26,90469,風神股份,300,0.0
1237, 2021/01/26,70971,*ST高升,"105,473",0.0
1785, 2021/01/26,72879,長纜科技,"1,575",0.0
231, 2021/01/26,90425,青松建化,"35,373",0.0
2088, 2021/01/26,77481,濮陽惠成,48,0.0
2087, 2021/01/26,77477,合縱科技,"18,614",0.0
1238, 2021/01/26,70973,佛塑科技,"20,143",0.0
1525, 2021/01/26,72392,北京利爾,1,0.0
1209, 2021/01/26,70920,南方匯通,"38,000",0.0
1232, 2021/01/26,70966,長源電力,"11,800",0.0
1212, 2021/01/26,70925,眾合科技,129,0.0
804, 2021/01/26,93351,威爾藥業,"1,284",0.0
251, 2021/01/26,90478,科力遠,"21,935",0.0
1231, 2021/01/26,70965,天保基建,"2,333",0.0
1243, 2021/01/26,70981,*ST銀億,"13,337",0.0
246, 2021/01/26,90467,好當家,"34,900",0.0
249, 2021/01/26,90470,*ST六化,100,0.0
706, 2021/01/26,91918,新集能源,"151,667",0.0
1254, 2021/01/26,71896,豫能控股,42,0.0
2092, 2021/01/26,77494,盛天網絡,505,0.0
1505, 2021/01/26,72361,神劍股份,"35,532",0.0
715, 2021/01/26,91965,中國汽研,"11,990",0.0
205, 2021/01/26,90381,青海春天,100,0.0
1266, 2021/01/26,72011,盾安環境,"3,041",0.0
206, 2021/01/26,90382,廣東明珠,"2,366",0.0
1262, 2021/01/26,72005,ST德豪,264,0.0
211, 2021/01/26,90389,江山股份,50,0.0
216, 2021/01/26,90396,金山股份,"132,900",0.0
1502, 2021/01/26,72355,興民智通,"40,000",0.0
2105, 2021/01/26,77518,盛訊達,79,0.0
2103, 2021/01/26,77511,雪榕生物,54,0.0
1202, 2021/01/26,70908,景峰醫藥,"11,090",0.0
2102, 2021/01/26,77508,維宏股份,33,0.0
2101, 2021/01/26,77507,蘇奧傳感,70,0.0
2100, 2021/01/26,77506,名家匯,"1,027",0.0
219, 2021/01/26,90399,ST撫鋼,"55,137",0.0
2098, 2021/01/26,77503,昊志機電,80,0.0
1260, 2021/01/26,72003,偉星股份,"45,044",0.0
221, 2021/01/26,90403,大有能源,"62,159",0.0
1507, 2021/01/26,72365,永安藥業,"1,183",0.0
799, 2021/01/26,93332,蘇州龍杰,367,0.0
1742, 2021/01/26,72741,光華科技,962,0.0
895, 2021/01/26,93798,康普頓,"5,469",0.0
1201, 2021/01/26,70905,廈門港務,"2,100",0.0
297, 2021/01/26,90546,山煤國際,"12,098",0.0
1556, 2021/01/26,72433,太安堂,"11,163",0.0
1158, 2021/01/26,70815,美利雲,"34,786",0.0
2044, 2021/01/26,77378,鼎捷軟件,38,0.0
292, 2021/01/26,90532,未來股份,"37,201",0.0
1558, 2021/01/26,72435,長江健康,85,0.0
1157, 2021/01/26,70811,冰輪環境,"7,213",0.0
1154, 2021/01/26,70806,*ST銀河,"4,317",0.0
2039, 2021/01/26,77368,匯金股份,4,0.0
833, 2021/01/26,93555,*ST貴人,"41,004",0.0
1563, 2021/01/26,72443,金洲管道,"5,018",0.0
672, 2021/01/26,91777,*ST力帆,"88,350",0.0
2035, 2021/01/26,77364,中文在線,"1,077",0.0
1565, 2021/01/26,72445,*ST中南,251,0.0
1567, 2021/01/26,72447,*ST晨鑫,"79,646",0.0
306, 2021/01/26,90561,江西長運,"11,900",0.0
1568, 2021/01/26,72448,中原內配,"40,205",0.0
2030, 2021/01/26,77353,東土科技,105,0.0
669, 2021/01/26,91718,際華集團,"188,631",0.0
1139, 2021/01/26,70777,中核科技,"3,066",0.0
1136, 2021/01/26,70767,晉控電力,"6,062",0.0
831, 2021/01/26,93528,多倫科技,"1,046",0.0
285, 2021/01/26,90523,貴航股份,"9,280",0.0
2070, 2021/01/26,77443,金雷股份,87,0.0
1172, 2021/01/26,70838,財信發展,50,0.0
1497, 2021/01/26,72349,精華製藥,"13,227",0.0
1195, 2021/01/26,70897,津濱發展,"3,155",0.0
1193, 2021/01/26,70893,亞鉀國際,50,0.0
260, 2021/01/26,90488,天藥股份,"2,630",0.0
1191, 2021/01/26,70888,峨眉山Ａ,"23,199",0.0
1537, 2021/01/26,72411,延安必康,"16,008",0.0
1180, 2021/01/26,70863,三湘印象,"39,732",0.0
1176, 2021/01/26,70856,冀東裝備,"2,300",0.0
1542, 2021/01/26,72418,*ST康盛,848,0.0
2060, 2021/01/26,77422,博世科,76,0.0
676, 2021/01/26,91798,藍科高新,"18,042",0.0
700, 2021/01/26,91890,亞星錨鏈,"18,116",0.0
1163, 2021/01/26,70822,山東海化,"2,613",0.0
1549, 2021/01/26,72426,*ST勝利,"94,043",0.0
807, 2021/01/26,93358,華達科技,"6,834",0.0
274, 2021/01/26,90508,上海能源,100,0.0
275, 2021/01/26,90509,天富能源,"8,725",0.0
1162, 2021/01/26,70821,京山輕機,155,0.0
817, 2021/01/26,93399,吉翔股份,800,0.0
1161, 2021/01/26,70819,岳陽興長,"3,542",0.0
192, 2021/01/26,90353,旭光電子,"2,000",0.0
717, 2021/01/26,91968,寶鋼包裝,"32,585",0.0
1496, 2021/01/26,72348,高樂股份,"40,800",0.0
1359, 2021/01/26,72147,*ST新光,124,0.0
753, 2021/01/26,93111,康尼機電,"1,934",0.0
1370, 2021/01/26,72167,東方鋯業,154,0.0
1437, 2021/01/26,72265,西儀股份,93,0.0
62, 2021/01/26,90101,明星電力,"30,597",0.0
1360, 2021/01/26,72148,北緯科技,"1,100",0.0
1441, 2021/01/26,72269,美邦服飾,"40,166",0.0
751, 2021/01/26,93106,恆銀科技,577,0.0
68, 2021/01/26,90110,諾德股份,"1,500",0.0
2180, 2021/01/26,77745,欣銳科技,65,0.0
71, 2021/01/26,90113,浙江東日,167,0.0
1495, 2021/01/26,72345,潮宏基,"28,829",0.0
1353, 2021/01/26,72137,麥達數字,26,0.0
791, 2021/01/26,93300,華鐵應急,70,0.0
1448, 2021/01/26,72279,久其軟件,"16,269",0.0
1343, 2021/01/26,72122,*ST天馬,"2,600",0.0
1342, 2021/01/26,72121,*ST科陸,"130,634",0.0
1451, 2021/01/26,72283,天潤工業,"2,185",0.0
1751, 2021/01/26,72766,ST索菱,"2,000",0.0
1455, 2021/01/26,72288,超華科技,"9,500",0.0
2167, 2021/01/26,77708,聚燦光電,48,0.0
1434, 2021/01/26,72260,*ST德奧,"2,100",0.0
54, 2021/01/26,90086,退市金鈺,"1,827",0.0
1433, 2021/01/26,72259,*ST升達,214,0.0
1431, 2021/01/26,72256,*ST兆新,"62,140",0.0
1408, 2021/01/26,72227,奧 特 迅,33,0.0
1406, 2021/01/26,72224,三 力 士,"1,501",0.0
1397, 2021/01/26,72210,*ST飛馬,643,0.0
2, 2021/01/26,90006,東風汽車,"30,182",0.0
1416, 2021/01/26,72238,天威視訊,"5,815",0.0
1763, 2021/01/26,72801,微光股份,14,0.0
1395, 2021/01/26,72206,海 利 得,"12,597",0.0
1390, 2021/01/26,72197,證通電子,"10,333",0.0
1764, 2021/01/26,72802,洪匯新材,"2,670",0.0
1424, 2021/01/26,72247,*ST聚力,"53,175",0.0
1379, 2021/01/26,72178,延華智能,"15,300",0.0
1753, 2021/01/26,72769,普路通,"34,869",0.0
1378, 2021/01/26,72176,*ST江特,"44,419",0.0
1377, 2021/01/26,72175,ST東網,"4,540",0.0
1375, 2021/01/26,72172,澳洋健康,"4,100",0.0
1429, 2021/01/26,72253,川大智勝,"2,100",0.0
48, 2021/01/26,90075,新疆天業,"33,911",0.0
49, 2021/01/26,90077,宋都股份,249,0.0
50, 2021/01/26,90078,澄星股份,"6,215",0.0
2166, 2021/01/26,77706,阿石創,27,0.0
1337, 2021/01/26,72114,羅平鋅電,"10,000",0.0
1336, 2021/01/26,72111,威海廣泰,"1,340",0.0
150, 2021/01/26,90278,東方創業,"7,294",0.0
730, 2021/01/26,93001,奧康國際,34,0.0
156, 2021/01/26,90290,*ST華儀,200,0.0
1300, 2021/01/26,72052,*ST同洲,"40,056",0.0
718, 2021/01/26,91969,海南礦業,"173,368",0.0
1482, 2021/01/26,72325,洪濤股份,"18,881",0.0
1289, 2021/01/26,72040,南 京 港,14,0.0
1284, 2021/01/26,72033,麗江股份,77,0.0
1485, 2021/01/26,72329,皇氏集團,100,0.0
1282, 2021/01/26,72031,巨輪智能,"120,437",0.0
1487, 2021/01/26,72334,英威騰,484,0.0
171, 2021/01/26,90317,營口港,"295,042",0.0
172, 2021/01/26,90318,新力金融,"13,468",0.0
173, 2021/01/26,90321,正源股份,"134,400",0.0
1489, 2021/01/26,72339,積成電子,"5,200",0.0
180, 2021/01/26,90333,長春燃氣,"5,800",0.0
1273, 2021/01/26,72021,ST中捷,68,0.0
1133, 2021/01/26,70761,本鋼板材,"280,190",0.0
1492, 2021/01/26,72342,巨力索具,43,0.0
1493, 2021/01/26,72343,慈文傳媒,"1,347",0.0
1778, 2021/01/26,72845,同興達,100,0.0
1303, 2021/01/26,72057,中鋼天源,"9,511",0.0
1459, 2021/01/26,72296,輝煌科技,"2,693",0.0
144, 2021/01/26,90268,國電南自,"20,400",0.0
1460, 2021/01/26,72297,博雲新材,"45,000",0.0
106, 2021/01/26,90179,*ST安通,"327,041",0.0
735, 2021/01/26,93013,亞普股份,223,0.0
1331, 2021/01/26,72102,ST冠福,200,0.0
1747, 2021/01/26,72752,昇興股份,"62,253",0.0
1326, 2021/01/26,72094,青島金王,"19,185",0.0
1322, 2021/01/26,72089,ST新海,210,0.0
126, 2021/01/26,90230,滄州大化,"12,012",0.0
1321, 2021/01/26,72086,*ST東洋,"2,103",0.0
130, 2021/01/26,90238,ST椰島,400,0.0
1467, 2021/01/26,72305,南國置業,"1,022",0.0
1468, 2021/01/26,72307,北新路橋,"62,160",0.0
132, 2021/01/26,90248,陝西建工,"2,651",0.0
133, 2021/01/26,90251,冠農股份,"55,423",0.0
1311, 2021/01/26,72073,軟控股份,"45,327",0.0
1310, 2021/01/26,72071,*ST長城,90,0.0
1309, 2021/01/26,72068,黑貓股份,"7,200",0.0
1308, 2021/01/26,72067,景興紙業,"108,636",0.0
1476, 2021/01/26,72315,焦點科技,129,0.0
835, 2021/01/26,93567,珍寶島,"11,774",0.0
2022, 2021/01/26,77340,科恆股份,150,0.0
2024, 2021/01/26,77343,聯創股份,151,0.0
1891, 2021/01/26,77107,建新股份,195,0.0
1657, 2021/01/26,72590,萬安科技,"1,734",0.0
1016, 2021/01/26,70510,新金路,"5,025",0.0
861, 2021/01/26,93628,清源股份,"21,119",0.0
1015, 2021/01/26,70507,珠海港,"19,524",0.0
1897, 2021/01/26,77116,保力新,184,0.0
592, 2021/01/26,91163,三角輪胎,"42,402",0.0
884, 2021/01/26,93727,博邁科,146,0.0
1006, 2021/01/26,70417,合肥百貨,"5,249",0.0
1892, 2021/01/26,77109,新開源,151,0.0
1890, 2021/01/26,77102,乾照光電,170,0.0
1903, 2021/01/26,77128,錦富技術,183,0.0
1003, 2021/01/26,70407,勝利股份,78,0.0
1888, 2021/01/26,77100,雙林股份,100,0.0
1887, 2021/01/26,77099,精准信息,34,0.0
991, 2021/01/26,70155,川能動力,119,0.0
1885, 2021/01/26,77097,智雲股份,101,0.0
1884, 2021/01/26,77096,易聯眾,66,0.0
1883, 2021/01/26,77091,金通靈,90,0.0
489, 2021/01/26,90864,哈投股份,"24,347",0.0
980, 2021/01/26,70068,華控賽格,"36,267",0.0
859, 2021/01/26,93619,中曼石油,"12,779",0.0
1018, 2021/01/26,70514,渝 開 發,"23,639",0.0
1576, 2021/01/26,72462,嘉事堂,"3,967",0.0
1917, 2021/01/26,77148,天舟文化,698,0.0
603, 2021/01/26,91212,白銀有色,"29,516",0.0
1925, 2021/01/26,77160,秀強股份,97,0.0
1027, 2021/01/26,70533,順鈉股份,"38,100",0.0
1026, 2021/01/26,70532,華金資本,58,0.0
1922, 2021/01/26,77157,恆泰艾普,93,0.0
1921, 2021/01/26,77155,安居寶,44,0.0
1920, 2021/01/26,77153,科泰電源,83,0.0
445, 2021/01/26,90784,魯銀投資,"17,188",0.0
446, 2021/01/26,90785,新華百貨,401,0.0
1648, 2021/01/26,72574,明牌珠寶,3,0.0
1817, 2021/01/26,72962,五方光電,"24,223",0.0
1650, 2021/01/26,72581,未名醫藥,"62,854",0.0
451, 2021/01/26,90797,浙大網新,"7,500",0.0
1023, 2021/01/26,70523,廣州浪奇,71,0.0
457, 2021/01/26,90807,濟南高新,"65,133",0.0
1910, 2021/01/26,77137,先河環保,61,0.0
1021, 2021/01/26,70518,四環生物,"35,300",0.0
1654, 2021/01/26,72586,*ST圍海,"6,302",0.0
462, 2021/01/26,90816,*ST安信,"500,487",0.0
858, 2021/01/26,93618,杭電股份,"3,088",0.0
1879, 2021/01/26,77081,恆信東方,88,0.0
1672, 2021/01/26,72612,朗姿股份,100,0.0
892, 2021/01/26,93776,永安行,"3,566",0.0
1710, 2021/01/26,72668,奧馬電器,"6,549",0.0
535, 2021/01/26,90979,廣安愛眾,"37,062",0.0
536, 2021/01/26,90981,匯鴻集團,"4,683",0.0
537, 2021/01/26,90983,惠而浦,"4,500",0.0
1849, 2021/01/26,77032,金龍機電,348,0.0
918, 2021/01/26,93895,天永智能,808,0.0
906, 2021/01/26,93861,白雲電器,"1,753",0.0
1700, 2021/01/26,72654,萬潤科技,"12,000",0.0
1701, 2021/01/26,72656,ST摩登,81,0.0
1844, 2021/01/26,77021,大禹節水,58,0.0
1702, 2021/01/26,72657,中科金財,"11,859",0.0
971, 2021/01/26,70055,方大集團,166,0.0
1703, 2021/01/26,72658,雪迪龍,"46,237",0.0
560, 2021/01/26,91015,陝西黑貓,"35,921",0.0
564, 2021/01/26,91020,華鈺礦業,"4,644",0.0
1838, 2021/01/26,77011,鼎漢技術,88,0.0
576, 2021/01/26,91101,昊華能源,"19,771",0.0
1835, 2021/01/26,77008,天海防務,73,0.0
1834, 2021/01/26,77006,萊美藥業,97,0.0
1833, 2021/01/26,77005,探路者,9,0.0
893, 2021/01/26,93777,來伊份,55,0.0
1697, 2021/01/26,72650,ST加加,"99,045",0.0
1696, 2021/01/26,72649,博彥科技,"2,338",0.0
1694, 2021/01/26,72646,青青稞酒,182,0.0
1692, 2021/01/26,72642,榮聯科技,"34,189",0.0
1875, 2021/01/26,77077,國民技術,97,0.0
967, 2021/01/26,70045,深紡織Ａ,3,0.0
1679, 2021/01/26,72622,融鈺集團,"1,076",0.0
945, 2021/01/26,70005,世紀星源,"2,010",0.0
1683, 2021/01/26,72628,成都路橋,56,0.0
506, 2021/01/26,90891,*ST秋林,"6,194",0.0
1869, 2021/01/26,77066,三川智慧,65,0.0
1868, 2021/01/26,77065,海蘭信,196,0.0
1867, 2021/01/26,77064,ST金剛,"14,736",0.0
508, 2021/01/26,90894,廣日股份,"28,804",0.0
1684, 2021/01/26,72630,華西能源,"77,526",0.0
1864, 2021/01/26,77056,三維絲,59,0.0
1685, 2021/01/26,72631,德爾未來,97,0.0
1688, 2021/01/26,72638,*ST勤上,"10,100",0.0
1689, 2021/01/26,72639,雪人股份,"53,731",0.0
1860, 2021/01/26,77049,福瑞股份,7,0.0
1859, 2021/01/26,77048,合康新能,81,0.0
929, 2021/01/26,93959,百利科技,"2,621",0.0
1857, 2021/01/26,77044,賽為智能,873,0.0
442, 2021/01/26,90781,ST輔仁,369,0.0
441, 2021/01/26,90780,通寶能源,"26,472",0.0
857, 2021/01/26,93616,韓建河山,86,0.0
1088, 2021/01/26,70662,*ST天夏,"8,052",0.0
1097, 2021/01/26,70680,山推股份,"42,788",0.0
1095, 2021/01/26,70673,*ST當代,135,0.0
644, 2021/01/26,91595,上海電影,"11,543",0.0
1092, 2021/01/26,70669,*ST金鴻,"9,381",0.0
349, 2021/01/26,90629,華建集團,41,0.0
1992, 2021/01/26,77295,三六五網,33,0.0
640, 2021/01/26,91566,九牧王,200,0.0
351, 2021/01/26,90634,*ST富控,"7,096",0.0
632, 2021/01/26,91388,怡球資源,380,0.0
1756, 2021/01/26,72782,可立克,"14,210",0.0
1976, 2021/01/26,77262,巴安水務,62,0.0
1597, 2021/01/26,72496,*ST輝豐,"1,905",0.0
357, 2021/01/26,90640,號百控股,"34,045",0.0
1601, 2021/01/26,72501,*ST利源,"8,946",0.0
1079, 2021/01/26,70635,英 力 特,"4,501",0.0
1982, 2021/01/26,77273,和佳醫療,443,0.0
1731, 2021/01/26,72711,*ST歐浦,"63,547",0.0
1980, 2021/01/26,77269,聯建光電,102,0.0
1070, 2021/01/26,70616,海航投資,"77,000",0.0
1069, 2021/01/26,70615,奧園美谷,"23,400",0.0
650, 2021/01/26,91611,中國核建,"107,967",0.0
2000, 2021/01/26,77304,雲意電氣,132,0.0
2001, 2021/01/26,77307,慈星股份,33,0.0
342, 2021/01/26,90620,天宸股份,"6,095",0.0
902, 2021/01/26,93818,曲美家居,187,0.0
326, 2021/01/26,90589,廣東榕泰,101,0.0
2020, 2021/01/26,77337,銀邦股份,130,0.0
2019, 2021/01/26,77336,新文化,165,0.0
2018, 2021/01/26,77335,迪森股份,135,0.0
2017, 2021/01/26,77332,天壕環境,102,0.0
1130, 2021/01/26,70751,鋅業股份,"55,380",0.0
1578, 2021/01/26,72464,眾應互聯,"11,780",0.0
1583, 2021/01/26,72470,*ST金正,"45,608",0.0
1584, 2021/01/26,72471,中超控股,5,0.0
1585, 2021/01/26,72474,榕基軟件,"4,166",0.0
1108, 2021/01/26,70701,廈門信達,"27,392",0.0
339, 2021/01/26,90616,金楓酒業,"4,941",0.0
2008, 2021/01/26,77317,珈偉新能,"1,095",0.0
1735, 2021/01/26,72721,金一文化,"58,870",0.0
341, 2021/01/26,90618,氯鹼化工,"3,297",0.0
1587, 2021/01/26,72479,富春環保,"72,910",0.0
2004, 2021/01/26,77311,任子行,3,0.0
2003, 2021/01/26,77310,宜通世紀,141,0.0
1611, 2021/01/26,72516,曠達科技,"3,080",0.0
365, 2021/01/26,90651,*ST飛樂,"67,298",0.0
1930, 2021/01/26,77175,朗源股份,59,0.0
1042, 2021/01/26,70558,萊茵體育,"13,102",0.0
406, 2021/01/26,90724,寧波富達,"6,683",0.0
1051, 2021/01/26,70572,ST 海馬,"33,506",0.0
1948, 2021/01/26,77205,天喻信息,55,0.0
1050, 2021/01/26,70571,*ST大洲,"10,100",0.0
1630, 2021/01/26,72546,新聯電子,29,0.0
1410, 2021/01/26,72229,鴻博股份,"8,298",0.0
1635, 2021/01/26,72554,惠博普,117,0.0
1045, 2021/01/26,70561,烽火電子,"8,894",0.0
1637, 2021/01/26,72556,輝隆股份,"6,500",0.0
1640, 2021/01/26,72561,徐家匯,"30,000",0.0
628, 2021/01/26,91368,綠城水務,"2,502",0.0
426, 2021/01/26,90758,遼寧能源,"1,308",0.0
1938, 2021/01/26,77187,永清環保,522,0.0
427, 2021/01/26,90759,洲際油氣,"96,960",0.0
1033, 2021/01/26,70541,佛山照明,"99,394",0.0
433, 2021/01/26,90770,綜藝股份,"53,975",0.0
434, 2021/01/26,90771,廣譽遠,197,0.0
1642, 2021/01/26,72564,天沃科技,"10,051",0.0
1932, 2021/01/26,77178,騰邦國際,"7,445",0.0
855, 2021/01/26,93612,索通發展,"3,406",0.0
1624, 2021/01/26,72540,亞太科技,"1,771",0.0
1052, 2021/01/26,70576,甘化科工,714,0.0
1622, 2021/01/26,72538,司爾特,"4,120",0.0
1055, 2021/01/26,70584,哈工智能,438,0.0
1067, 2021/01/26,70607,華媒控股,503,0.0
369, 2021/01/26,90658,電子城,91,0.0
615, 2021/01/26,91258,ST龐大,"610,332",0.0
1614, 2021/01/26,72519,銀河電子,"87,551",0.0
1066, 2021/01/26,70605,渤海股份,69,0.0
1968, 2021/01/26,77247,融捷健康,32,0.0
1616, 2021/01/26,72527,新時達,"35,211",0.0
1617, 2021/01/26,72528,英飛拓,"10,095",0.0
1965, 2021/01/26,77237,美晨生態,"8,543",0.0
1057, 2021/01/26,70587,*ST金洲,"33,114",0.0
382, 2021/01/26,90677,*ST航通,"16,200",0.0
1056, 2021/01/26,70585,*ST東電,"15,413",0.0
387, 2021/01/26,90686,金龍汽車,"3,250",0.0
1960, 2021/01/26,77228,富瑞特裝,109,0.0
609, 2021/01/26,91228,廣州港,"354,562",0.0
393, 2021/01/26,90697,歐亞集團,"1,552",0.0
850, 2021/01/26,93603,博天環境,708,0.0
401, 2021/01/26,90715,文投控股,2,0.0
1955, 2021/01/26,77221,銀禧科技,109,0.0
766, 2021/01/26,93167,渤海輪渡,"40,197",0.0
